32768
32768
32768
32768
32768
32768
32768
32768
32768
32768
32768
32768
32768
32768
32768
32768
32768
32768
32768
32768
32768
32768
32768
32768
32768
32768
32768
32768
32768
32768
32768
32768
32768
32768
32768
32768
32768
32768
32768
32768
32768
32768
32768
32768
32768
32768
32768
32768
32768
32768
32768
32768
32768
32768
32768
32768
32768
32768
32768
32768
32768
32768
32768
32768
32768
32768
32768
32768
32768
32768
32768
32768
32768
32768
32768
32768
32768
32768
32768
32768
32768
32768
32768
32768
32768
32768
32768
32768
32768
32768
32768
32768
32768
32768
32768
32768
32768
32768
32768
32768
32768
32768
32768
32768
32768
32768
32768
32768
32768
32768
32768
32768
32727
32796
32755
32756
32713
32637
32657
32711
32984
33096
32934
33012
32757
32609
32658
32786
33121
32682
32973
32816
32745
32616
32355
32248
32895
32803
33306
32784
32631
32396
32455
32738
32693
32953
32849
32866
32650
32846
32817
32764
32576
32897
33284
33280
32786
32784
32728
33269
32814
33038
32406
31658
33347
31630
32446
31311
32623
34732
35967
34383
32374
30701
28724
29648
29993
33850
36113
37332
37359
34034
32116
28025
27757
31194
34516
37123
36987
33921
29569
28073
28378
33245
36327
38446
34896
30737
27435
30480
31520
33876
33474
34697
32819
32140
31809
36268
36576
33821
29213
26747
29099
31327
38863
39013
39958
31073
27489
25197
26674
33880
30891
42973
39504
38875
26317
23936
23525
29661
35715
40400
43243
34706
30547
22521
28819
31485
37656
37427
37227
32211
29403
28095
32016
34662
35223
30652
30055
34115
34172
35803
34615
36852
28300
21688
24480
30258
44106
40421
43548
35297
31029
19937
16388
28597
31971
47556
50726
43850
35913
15240
7163
19347
28404
52629
55834
47433
34155
12077
11130
16899
35942
45177
50790
42268
34289
24032
18537
22928
31260
39409
42899
43019
31603
29435
31670
29191
28933
28271
27781
33540
40722
41865
40593
34972
25990
12791
23175
30953
43227
46903
37571
43120
22215
21170
19470
30570
42013
42091
47723
34269
26077
16562
22234
34496
41090
41557
36702
30730
30313
28627
30746
35362
33879
25927
24984
35194
39142
47815
37712
30715
24090
10472
28971
31611
48525
53927
40586
36346
3710
13307
29147
40342
49023
41344
32961
27107
23661
30592
34541
43031
28237
23119
30069
34682
43049
39881
36758
31806
14956
24707
27095
46040
42449
40257
35152
29545
23365
14075
29176
42706
51633
40940
22381
22169
20684
35010
41219
47908
36981
13841
24407
26493
41526
46211
39857
34828
17911
23638
28978
41815
38112
34617
34412
32497
33558
23094
31783
32347
37861
42518
28585
23416
22709
34514
46677
43697
36364
20395
15679
22936
39134
52330
44958
32679
22813
18518
25941
35922
45436
38966
32902
26217
34392
29428
27325
34151
38932
38886
26576
30796
25593
26208
42975
45381
44144
18163
15625
27780
29387
54341
40634
39576
21997
19465
29266
31986
47316
32707
36763
23126
35509
31537
32707
30797
36099
40332
27968
23268
22064
34449
43620
51738
36609
25989
12556
19662
28542
53370
49970
34751
25291
19770
31538
28565
41384
36363
33338
30385
31191
40564
25601
30700
35745
38806
25723
22461
30292
37807
44796
43591
36878
22836
11279
19607
37755
52204
48754
30351
26247
20635
29445
37628
36902
33612
25616
35409
32994
40271
29115
33803
33539
33907
23227
23346
34749
38654
45009
40449
36748
23059
8315
21936
46313
48639
43597
24865
30071
22511
32098
42417
32622
30964
23030
38221
34160
38256
31824
37184
30504
23666
25677
32909
39353
36527
38814
38665
32637
19001
20527
27737
45633
43147
41210
27446
22862
25070
35144
45630
30973
30814
26018
31376
30784
42622
40144
35164
23276
17045
31383
38831
42621
34526
39767
31983
28972
15388
29374
34636
42150
45759
32056
32063
15795
33974
33268
42096
34272
31034
28019
26093
34761
41217
43057
29406
20885
21369
34591
42106
40310
34646
32730
28728
26596
25360
33254
40170
38432
40385
27122
27465
24208
33318
40840
35312
37586
32051
26724
21529
33964
41467
42711
32187
22111
30458
29295
38401
36401
35488
32038
30371
27370
30695
34222
37495
38643
32421
30338
24148
31595
33619
40023
38296
33285
29817
23151
27058
33971
45725
39335
31695
21871
26994
34651
35412
38667
33035
32311
31055
29726
28331
36117
34678
39145
32061
29712
27517
29991
37303
36723
36809
31207
29430
25232
30768
40014
39460
37991
24024
27322
27679
37033
38681
37079
32545
28301
29080
30209
32316
36346
37408
36478
32808
26031
28754
30367
38821
38159
33966
31126
27716
28645
30516
40220
39780
35236
24387
26277
33496
34043
39452
34835
31769
29100
29930
31481
33097
34318
38494
34943
32716
26400
30302
31718
37643
35276
34521
30279
30448
30293
33153
36867
36048
32566
27623
31069
32870
36090
33013
33095
33348
32141
32246
31184
30459
33518
37336
34756
34958
28138
30123
29657
34903
38685
33556
30582
29741
33683
32556
34120
32668
35252
30491
31707
32948
31733
33465
34188
35276
32438
30693
28162
31798
34136
41027
37160
31838
22638
27227
31866
41557
38109
33647
30132
29720
29657
32019
33454
35044
36518
33774
33879
28037
31697
28815
34615
36977
34138
34573
29354
30985
31109
36788
32508
35038
29466
34100
30880
33628
33810
32795
34660
30859
33569
27420
33521
32699
41939
34667
29661
23370
29901
34329
38061
39133
32519
30132
27454
29140
33961
36958
37354
35615
28380
30568
28378
33166
34734
33597
36711
34798
33084
26535
27164
34764
36608
37702
32285
34465
27371
29948
31346
33553
36993
33380
35602
32301
31237
28099
31304
33751
38373
36455
32853
27142
28088
31560
36604
37101
34758
30977
30452
30457
32552
34458
36382
30679
30194
32982
35593
33060
31224
30007
33557
36000
34720
33670
28601
32596
30114
35460
34155
34416
32987
29662
32556
33345
36157
31339
29820
30672
35209
36788
33716
31983
30433
30266
32849
33881
34980
31902
33685
32739
33938
29916
30681
31037
36266
37343
35757
29351
28301
28848
35003
37549
33306
31594
31359
34085
34218
32670
35258
26324
29693
27992
44829
38321
33689
24924
27066
32546
32300
39397
32146
36037
32632
32880
28291
28954
31086
35719
38120
37606
31830
27671
26106
29491
37149
41919
35922
28050
27432
32479
33354
33856
32598
33343
35108
30516
33311
30932
33280
31212
37075
33003
33079
30747
29176
31925
34515
37047
36437
30723
26451
30232
33694
36983
38520
33585
29875
24789
30963
33652
38449
35805
33157
31003
30213
31913
32457
33525
31713
34508
36005
35663
29767
26976
30760
34068
36729
37770
32421
29829
27324
29541
35545
39995
36667
29277
25495
34112
32289
37062
31559
34113
33211
29691
33856
30125
35122
31416
36083
33925
32164
32442
28734
31574
31447
37988
38042
34606
26100
24782
30724
38880
42506
35336
29030
23074
29472
31365
39508
38046
36454
30305
29826
26850
32627
34607
31757
35337
35168
39698
31169
23406
26851
32052
40099
41761
33269
28181
26874
28381
32126
38873
38321
35538
28861
30498
29570
32512
32599
34048
37494
33303
32649
26789
33495
31654
36156
33315
34336
32095
32642
31321
29137
30849
35428
40235
37254
26889
24611
29480
36595
39310
39638
29051
25681
29052
33780
37041
32880
32889
35187
35934
28136
31480
29132
33731
34689
34875
38230
30986
28798
28886
31195
34995
35767
37798
34167
30683
27027
27794
31997
39416
41791
33168
26101
25312
33456
37949
36031
31585
31938
33347
30932
31171
31773
35321
32597
39017
32705
28025
28217
32043
35579
34155
36015
36875
34224
25446
22444
29446
41744
46696
36874
23710
22347
28732
37738
34315
36729
33624
36831
30766
29629
27484
31799
34574
36877
36271
33665
30370
25947
33478
33168
35695
35786
35953
31051
27040
26645
32366
41355
40840
35931
20400
25773
33122
39137
37824
29059
34898
32963
32246
25707
33631
34222
35956
36795
31759
32746
24618
33023
33406
36172
34235
35710
33940
31222
25495
28012
33589
41399
42644
31386
23899
23708
32976
39599
37801
32562
29226
35357
30943
30973
29747
33586
35554
37675
35174
28359
27014
28675
37711
37454
33192
33970
32864
31285
28832
27218
33471
42316
38211
35135
19697
29822
30435
39962
36816
32415
33171
29451
32822
28320
33803
32270
37961
36949
33491
28376
25219
30467
36599
41230
33501
30673
32973
31765
28440
28013
29585
43643
41841
36046
21788
22924
33648
34589
41158
30084
35844
33672
29600
28462
31785
32558
37361
37762
32699
30667
24781
32304
35617
38056
32168
34000
33310
32669
27107
27243
32455
39896
43818
33255
25185
23985
30116
36976
37717
35769
33370
34543
27852
28470
28222
35438
39599
36885
35207
26763
25182
32378
34501
39847
30849
33290
36471
31419
29052
23981
33087
40052
40149
37854
23236
29127
27298
34356
37222
36330
36824
32022
29461
25686
31451
34663
38944
37200
33352
27736
26736
31960
34198
37806
33157
31846
37039
34533
26711
24514
27585
41369
44903
37668
26109
22863
28114
32698
38937
35520
38137
34854
27728
26205
28172
36039
37869
35642
36238
28824
28610
31495
32236
35352
30034
35338
39129
37434
28591
20063
25825
36610
44993
43881
28146
24600
23229
33930
34524
39933
33925
35212
34476
23535
29367
31255
36958
37565
37515
28341
32706
26303
32195
35969
32553
31668
40472
37277
29971
20584
24797
35777
45830
41141
32036
22577
26301
30243
36951
37418
36122
35141
32261
28745
25325
31269
36000
40178
36532
31400
28560
26747
34048
33728
35807
32686
32747
39497
34782
24397
21839
29003
45085
43456
38534
20069
24448
30620
33435
43516
29768
37531
32044
30633
27148
29218
34000
40073
37260
32269
30422
25196
31790
35239
37345
32781
32171
36308
34750
29112
23785
27335
38974
45182
40453
25370
23016
24089
37591
38052
38851
31987
32667
32735
27712
26909
33092
39229
37935
37424
26170
28193
29052
32063
41663
33776
29215
36784
34498
32368
23224
25538
37230
43576
44146
27068
23937
24079
31503
40697
35385
38224
30683
33930
25832
29285
30581
37631
38955
37053
29468
28000
26841
33276
39038
36010
31278
32059
35064
33344
27561
24313
32032
45916
41428
33845
21251
22530
33897
35583
39762
35410
34957
31683
26493
26310
32596
38264
37253
38892
28225
28520
28007
32544
38181
34109
32574
33720
35388
34410
23927
25926
30727
43948
44890
33053
22944
21906
32612
35380
41102
33929
34113
34486
25442
28491
30220
37194
38938
36998
29077
31490
26280
32264
37237
34092
32042
34855
36955
34041
23470
25174
30279
45493
41915
35858
23609
22902
30976
34819
39781
35264
36217
31749
29125
25410
30768
36290
39817
36458
31257
28859
27912
34089
33145
35670
33315
31352
38345
35361
26416
23317
27615
42411
44503
39475
22663
22483
30451
32129
42331
32603
38247
32783
29115
24808
29416
35432
40934
37959
28773
30880
27035
33201
35422
34269
32212
33481
36413
36240
26761
25157
26130
41109
44574
38950
24942
23554
26495
35540
39411
35486
36132
32940
30159
26271
26634
34792
43908
35894
31642
28644
25072
35980
33714
36504
32606
29778
37713
35869
28706
22829
27906
41750
42483
40551
23411
24270
26942
33554
39910
37035
37509
30673
29356
25370
29541
36561
39236
38123
30801
28450
27741
33369
34258
35851
34194
31094
36202
33181
28445
26022
29787
41945
42763
33815
24979
24983
29527
36192
36353
39323
36324
30978
24587
26267
30928
42403
37140
36670
29419
25944
30728
33192
36471
33841
32560
34898
34794
32504
25240
26995
33614
43491
41110
31719
23716
24108
32378
35896
40553
35648
35714
28373
24062
28406
35461
41748
37922
28276
31617
27683
32902
34710
33022
33404
32938
38097
32997
29652
23899
30305
38139
42449
37843
26948
27086
24230
36384
33536
40230
36175
35225
25942
24465
29351
39301
40413
36236
26755
29104
31240
34722
35689
31962
29577
34416
37328
33844
28729
27496
28927
41017
39774
35517
26397
25155
29165
37305
36488
36855
36732
29446
24907
27191
35712
41427
34802
32353
28300
31940
31105
33788
32997
32187
35860
34511
36338
27194
27504
28174
38507
41628
37241
28452
24650
28220
32776
37181
38629
38267
30212
25537
25060
35020
41557
35608
31365
29112
32279
32603
33196
31890
32954
34175
37003
34254
26196
27950
31071
40237
39282
35891
27053
28448
24561
33169
38652
40463
38614
28288
23831
26951
33860
40404
35910
33271
30563
31270
32411
31959
31682
32163
34969
36676
33863
29025
28183
30974
37566
37521
35270
29089
31932
22688
34103
38067
38324
39737
25545
23333
29905
36852
39194
36532
28460
32879
31182
31212
33030
31354
35816
34940
33724
32503
28092
31066
32015
37520
36136
35013
32391
26617
27821
28935
41243
38369
39539
22647
26466
29212
38773
38363
34698
28066
32916
32187
31726
33836
31633
32848
36871
31553
34375
28624
30243
32783
37296
36131
35646
32870
20863
32649
26742
45714
37869
34049
25255
25026
32472
38520
37836
33006
30010
31731
31799
33234
32437
33323
31919
35918
33359
33278
28893
29519
34260
37335
36328
34542
30600
23000
31361
31730
43562
40482
25870
27687
25456
36831
38858
35160
30952
32532
29927
31839
34284
31848
35264
33022
33190
35353
27722
30762
31236
37674
38051
34732
32701
22154
30181
28455
44677
37348
37326
21988
27606
30640
38059
38316
33674
28989
34029
29065
32049
35079
32103
34826
34583
30011
34761
29345
30457
36462
34502
38100
30822
33730
19726
32744
34868
42377
39318
25420
26246
29096
34848
38775
35429
31231
32362
28326
33634
32664
35436
32154
34575
31773
32640
30505
32948
32181
35071
36140
34664
32616
27268
25898
28373
45635
40422
32411
25509
20705
35098
40760
38506
31944
30942
26430
31917
34810
34205
36176
31773
32561
33912
27675
33174
31905
35064
35790
36282
36684
23635
27361
24932
42523
41094
39539
23885
23810
28849
37556
40734
36258
30003
28151
28121
34534
37670
32929
31881
34193
31277
34056
29682
31290
33651
33787
39764
33844
33650
18304
28212
39524
40282
41890
22427
27222
28336
37245
38976
35154
31891
27427
29611
34478
36846
34946
30699
32570
30766
33368
32521
33056
33139
34333
36781
33271
30179
25406
28383
35584
44963
36679
27044
24964
25201
38660
39170
38749
29923
29657
24649
36080
34990
36664
33299
30800
31951
28517
33372
36060
35170
34821
32464
33337
23289
34341
27087
45457
37355
31663
23998
25526
34088
39229
39356
32052
29423
28407
31869
34341
36431
32977
32553
31759
29399
32825
34400
36063
34479
31709
30767
33492
28956
30796
34191
40379
37714
27413
22336
30230
37235
38135
37888
30774
31770
26666
30650
35457
34850
35498
33963
30796
28595
32786
34122
35679
33404
31063
35076
31324
33022
25434
36571
37052
38942
25471
27449
28213
37994
39797
34303
31164
29512
29928
31453
37500
33018
35473
30780
30133
31278
35085
34192
34391
31761
32187
33532
33710
29034
30041
40099
31100
37642
23707
31119
32177
35887
38433
34360
34386
23959
29744
31416
39801
38211
33454
27586
24922
32875
37521
39457
33504
29485
30354
30742
32300
31758
40343
33075
35966
21603
27397
35556
38861
38236
32803
31085
24840
33402
31267
40040
34615
31168
30636
27834
35136
34553
34524
35676
29722
37282
23460
34177
29551
40244
40727
29083
24077
22620
36708
39890
41993
31970
28143
25682
30771
36227
37617
35280
29651
31786
29330
34249
33530
33723
34935
33295
33861
26965
30435
36227
36702
41713
21678
23224
28774
44896
35919
37362
29219
27525
31437
27525
40605
32231
38882
31716
29858
28545
29276
34882
38928
36678
35047
23654
29449
30629
42173
39433
31630
20963
23437
36257
44138
39801
27911
27513
28060
36106
33899
34646
31851
32420
38176
29928
31136
27387
31786
40966
35859
35283
22770
31271
34294
40021
39856
20033
25324
27620
45981
38661
34885
26676
25500
33483
31366
42074
30151
33658
31501
32632
33781
27915
32545
32072
40862
34797
29133
27901
31703
38788
38405
32406
17089
28843
36101
45615
39564
26644
25166
27399
34346
37070
40154
30089
32480
30082
32351
34721
25954
35775
35123
39416
28469
32496
27334
38208
39438
28630
27323
20733
38819
39064
45247
29794
24024
23475
30874
41548
40334
35377
24864
29614
31538
38273
31304
30222
34342
35188
35206
30277
29352
34420
41514
33055
23976
22117
32514
42955
44175
32996
26307
19343
31622
39240
43030
34818
25801
28379
32997
38126
30456
32820
26850
39742
32836
38881
26940
32650
33762
34183
30721
24757
33597
35551
42482
35405
28413
22374
27819
37747
42295
37930
26268
28589
29105
40078
31856
31071
30967
32809
37319
34651
33434
28161
38022
31098
27480
28958
31555
42665
37233
35406
25592
21622
31931
38617
43576
34409
25525
27829
31922
38137
32789
32384
27171
38228
33185
36367
30434
33054
33417
32183
30038
25823
35235
37217
40583
34750
26903
20875
28576
43804
39891
38465
19601
30799
31975
40651
31644
27905
31819
32385
40679
30793
36044
30952
32801
29421
26616
33268
34653
41920
35794
32097
22965
26478
31654
41747
42171
32201
24595
27774
34592
38879
32872
28038
28651
36485
39965
34684
30220
28567
34371
30801
32516
28628
36788
34215
39530
33489
23631
26509
27211
48095
37190
34922
22038
26952
38044
34741
38261
24341
31713
33752
37085
38122
29422
34310
28297
31224
27684
36273
36610
35850
37144
27652
27663
24300
36268
41113
40643
31046
22328
29178
35721
39442
31324
28018
31133
36624
38781
28874
36626
26323
38405
25554
30685
32647
34688
43084
32995
32757
16739
29356
36503
46815
38633
20969
30155
24934
44386
31974
34114
25381
31523
39288
35018
37953
28504
32040
27129
28809
34147
35775
40733
34110
34019
22156
26967
30520
41049
43175
35314
23485
24502
32523
41768
34728
30455
23741
37880
37528
38186
29408
30561
32475
24815
38550
28459
40545
31607
36190
35197
21576
30749
28732
44758
38721
30287
27312
26154
37512
34571
36071
28626
28657
36161
35201
40538
29453
33306
24037
29970
31867
39249
39883
33067
30697
26542
29169
28974
40006
41179
35878
26475
20393
36710
38193
37455
29197
23714
40636
31274
39472
31637
34292
30225
23692
34570
32190
40590
30773
38733
31592
24718
27250
31558
45688
36491
30855
23495
29609
39136
34684
33978
25005
34021
32877
40220
35915
34852
28468
22888
30283
31465
44089
34495
39093
30576
20680
28059
29107
48517
35423
36579
19721
30122
35828
33532
39713
19546
39854
27297
45451
34595
30889
32104
14841
37964
30390
45979
35622
32830
30220
21607
32128
30087
46029
35176
33422
22840
30961
35650
35045
33025
26023
36138
32825
41262
34109
34607
26102
22804
30325
36423
43053
36480
34421
26843
24376
28164
37910
39488
39610
27769
26421
31648
35115
35884
29227
29182
34801
37296
39169
35251
30408
26150
22178
32079
39917
40400
39983
27236
30729
20605
33555
34847
44109
35064
26013
25864
33104
39025
33198
28904
28723
33508
40740
36552
40334
22297
27897
19361
37885
41936
36454
42972
24034
31067
16205
36570
42182
40138
31808
21776
35030
30771
35668
34263
28343
34390
32018
40962
36354
33761
25272
22680
30829
35450
41897
39888
35629
26005
20251
29850
38023
45966
33498
26595
22603
36110
35515
33712
35500
25129
38759
30583
42063
38192
21981
28797
20199
39376
35725
42832
41878
25975
24464
18996
43267
37810
37929
29912
24358
35604
28102
42017
26052
36241
27717
37843
39757
36605
32547
15981
29440
27365
43832
39230
43057
30208
18679
26506
28823
50321
33355
31536
24583
30184
35334
33513
34032
32638
32112
34619
39520
37777
32807
16632
27147
30044
38873
47976
38494
34990
9452
30095
31841
46851
38604
28818
27098
26282
32850
32150
39685
31952
34247
32850
39427
38909
26208
22453
20446
36453
36349
50356
38211
30231
14031
21234
44033
41187
45098
21513
24113
29499
30007
39087
35368
38550
28492
34154
37438
39278
21435
27302
24896
33538
43870
42173
42054
14344
24874
26733
45440
44693
32834
24082
20387
30489
34724
42916
37922
31085
29272
32087
38963
32073
29698
25492
32381
31948
43882
37039
30842
21040
22048
43296
42772
48181
17029
22310
21049
30797
46246
38041
45267
19441
32795
34658
30331
36540
22466
39906
23271
42534
38617
32036
26116
18998
41182
39914
48638
26812
18659
20914
24965
45222
44297
41859
26166
25499
31634
32878
36833
32253
34973
28038
32226
34349
38158
27104
24557
35104
41243
48199
29489
20679
16625
24227
41052
47869
46638
26109
26595
28923
26692
38554
35178
40635
26133
29016
36324
28070
33782
26745
38091
42581
39376
36946
15319
20051
19058
41466
50849
46430
30422
23988
25981
26316
34916
40489
39648
30915
24490
33403
30015
33198
28676
38762
43379
40617
31947
17526
17975
17456
46271
51490
46182
26994
27049
27790
17326
43604
35815
41430
29245
26201
34162
22446
36982
34414
40774
44526
32555
30935
12223
19318
26977
46286
57228
34561
33242
18341
28975
22633
40252
41303
33928
35303
22953
30791
25591
37499
39714
40713
38855
33872
23193
16428
18176
34940
55694
44289
37910
28208
19918
24060
31904
39788
40395
34983
33810
17925
29320
33014
39192
45662
32385
41277
21938
21586
17110
28874
47712
44867
47179
27694
27091
16039
33976
35343
36578
40128
34448
24309
24039
28106
44885
41422
35129
37850
25931
28273
10624
30928
42501
44920
50769
27457
28894
16702
30475
33764
36689
41410
38672
22549
20971
30809
36754
48749
34725
40139
24375
23914
19627
24588
39439
44232
53571
31152
30404
16935
28784
29101
31450
43770
42384
30985
20090
24406
36305
41474
40770
40933
27335
25445
16709
25007
39149
39788
57106
32912
28257
21880
29337
22757
29488
42460
45989
32261
20018
32271
29566
41250
38632
38251
31784
18987
25302
23099
38834
43793
50842
36606
27073
22609
21445
29111
27337
43874
44325
38682
22030
25323
30579
38093
42343
35480
34063
21026
23576
23777
33906
49913
51169
36728
26249
21690
17584
25562
30424
50317
42853
36952
27768
19872
31188
33489
44122
37693
35194
25908
16744
24194
33617
51990
49071
39727
28796
19869
13718
23667
31413
48771
46917
39683
31115
18533
24597
31467
39765
42175
37366
31396
21503
23599
30291
42160
44327
41470
34552
26838
17101
19681
33271
38855
46868
42364
30956
25835
23929
30465
35271
39986
38804
33752
26008
26048
28783
33151
38215
43012
39862
32054
23313
25113
26798
33341
36786
38358
34811
33567
32198
34392
32831
32209
32906
29207
31758
31519
33961
34939
35172
35080
35188
29507
28357
33396
35601
33795
32846
30698
29593
28764
34534
37465
38260
35417
34551
30648
28217
27108
30679
31956
36210
37775
38274
33714
32107
30164
31091
30788
30479
32055
33792
33931
34571
34716
33615
32022
31553
33290
32489
32439
32806
32992
33198
33257
32444
32322
33098
33720
35321
34581
32440
30972
29469
30067
32161
34125
35835
35882
35305
32371
30894
29359
31009
32652
35154
35746
34469
32187
30206
31736
32379
34539
35254
35401
32936
31219
30077
30238
32101
33447
35334
36142
33771
32054
30945
30886
31950
33703
34690
33865
32822
31917
32618
31933
33610
34886
34639
32978
32194
31383
30812
32255
33086
34155
33744
33601
32409
32070
32074
33573
33333
33650
32333
32235
31701
32561
33438
34452
34474
33588
33029
32234
31854
31881
32985
33252
33009
33057
32748
32154
32269
33298
34013
33738
32864
32675
32030
31732
32254
33141
33761
34106
34175
33267
32506
32325
32539
32407
32808
33115
33058
32599
32554
32346
32955
32817
33223
33531
33153
32940
32407
32266
32525
32939
33208
33401
33369
33423
33083
32947
32668
32754
33017
33082
32652
32038
32322
32437
32806
33418
33309
33454
32921
32860
32253
32599
32897
32648
33393
33170
33460
32925
32938
32797
33024
33246
33200
32809
32734
32223
32284
32422
32768
33103
33284
33117
32812
32776
32859
32906
32834
33072
32914
32785
32612
32977
33153
33411
33558
33208
33010
32904
32675
32700
32377
32634
32590
32937
32829
33103
32821
32558
32661
32828
33144
33204
33186
33088
32949
32582
32688
32726
33230
33451
33311
33365
32696
32542
32429
32649
32919
33060
33055
32743
32509
32423
32492
32676
33089
33221
33265
32946
32813
32840
33041
33186
33189
33116
32723
32885
32806
32670
33273
33049
33259
32959
32648
32578
32531
32603
32841
33050
32882
32967
32661
32456
32670
32708
33561
33280
33636
32914
32867
32604
32618
33098
32904
33317
32795
32985
32457
32849
32660
32945
32916
33022
32620
32667
32570
32593
32717
32969
33102
33011
33001
32924
32725
33091
33290
33559
33124
32844
32698
32580
32705
32769
33202
32749
32882
32602
32632
32726
32805
32959
32943
32782
32757
32630
32797
32600
32955
32938
33028
33258
33095
33325
32724
33149
32659
33137
32647
32963
32412
32645
32648
32858
32997
32969
32979
32702
32760
32487
32954
32792
32760
32906
32644
32947
32861
32893
33387
32922
33425
32870
32862
32765
32685
33061
32667
32956
32636
32850
32735
32824
32844
32849
32703
32877
32739
32815
32841
32939
32998
32834
32884
32842
33110
32934
33211
33037
33175
32743
33116
32758
33096
32714
33124
32519
32743
32454
32937
33068
32943
33170
32672
33049
32534
32838
32676
32874
33001
33074
33129
32765
33097
32818
33294
32831
33139
32926
32885
32891
32782
32932
32809
32721
32819
32931
32848
32835
32805
32782
32836
33001
32859
32836
32747
32885
32850
32821
33011
32881
33020
32826
33149
32706
33020
33033
32749
32826
32854
32725
32947
32849
32650
33019
32574
33079
32659
32929
32945
32767
32823
32645
32891
32639
33117
32792
32937
32733
33025
32808
33042
32741
32986
32876
33047
32706
32795
32745
32954
32864
32819
32943
32747
32788
32847
32826
33020
32738
32771
32840
32847
32974
32849
32700
32896
32906
32711
33049
32652
33116
32888
32969
32812
32806
32780
32843
32917
32942
32976
32879
32857
32863
32978
32784
32847
32828
32816
32890
32814
32807
32727
32972
32850
32978
32759
33024
32899
32848
32955
32903
32932
32675
32904
32966
32920
32719
32847
32890
32873
33129
32597
32760
32766
32732
32860
33002
32802
32838
32682
32771
32923
32941
32977
32905
32855
32813
32840
32905
32762
32959
32905
33034
32698
32807
32722
32968
32762
32845
32838
33057
32846
32824
32533
32887
32857
33007
32874
32812
32581
32833
32807
33256
32605
33029
32702
32920
32838
32818
32693
32923
32950
33002
32733
32907
32860
32961
32738
33028
32852
33153
32770
32896
32786
32752
32791
32971
32914
32862
32736
32795
32844
32976
32946
32977
32850
32867
32724
32794
32946
33135
32988
32814
32841
32957
32934
33015
32860
32935
32747
32905
32862
33159
32774
32878
32937
32717
32856
32735
32960
32925
32970
32894
32866
32813
32844
32729
32985
32952
33068
32876
32694
32753
32828
33012
32972
32973
32764
32792
32729
32939
32954
32915
32776
32879
32925
32860
32758
32918
32796
33029
32843
32958
32780
32683
32924
32940
32996
32938
32604
32972
32812
33019
32935
32881
32797
32774
33035
32778
32911
32717
32897
32842
33120
32856
32854
32672
32819
32854
32993
32839
32951
32860
32941
32811
32901
32753
32933
32858
32967
32855
32875
32791
32859
32860
32882
32928
32895
32882
32865
32793
32822
32823
32890
32868
32855
32855
32861
32859
32872
32887
32887
32804
32822
32823
32875
32884
32894
32870
32878
32871
32861
32871
32852
32875
32866
32858
32918
32868
32858
32829
32882
32889
32919
32866
32858
32820
32830
32863
32860
32882
32869
32848
32824
32825
32853
32834
32863
32831
32856
32819
32843
32830
32842
32869
32863
32873
32843
32845
32862
32852
32886
32887
32904
32869
32882
32853
32873
32860
32845
32851
32852
32861
32882
32887
32896
32844
32846
32827
32854
32897
32872
32872
32816
32842
32818
32888
32880
32874
32846
32847
32860
32819
32846
32816
32832
32816
32833
32821
32848
32868
32833
32848
32822
32848
32833
32844
32859
32819
32819
32814
32818
33003
32808
32838
32658
32857
32690
32990
32972
33091
32825
32840
32660
32836
32838
32985
32934
32910
32828
32818
32816
32855
32891
32921
32868
32859
32830
32811
32848
32919
33092
32725
32777
32701
32627
33075
32997
33131
32848
32750
32662
32724
32866
32948
32992
32845
32805
32726
32759
32834
32927
32911
32860
32775
32751
32743
32826
32846
32919
32949
32878
32626
32725
32926
32918
33085
32722
32894
32634
32859
32799
32924
32884
32872
32789
32756
32800
32834
32887
32919
32867
32822
32771
32823
32824
32885
32883
32858
32855
32839
32868
32907
32908
32900
32864
32873
32862
32874
32902
32894
32889
32844
32826
32845
32851
32873
32896
32919
32873
32863
32862
32853
32869
32856
32866
32867
32843
32852
32843
32841
32865
32866
32864
32867
32878
32826
32842
32822
32808
32861
32877
32896
32898
32831
32853
32864
32872
32859
32859
32841
32823
32815
32817
32849
32908
32873
32894
32902
32889
32867
32866
32843
32831
32818
32842
32834
32860
32885
32865
32848
32848
32865
32858
32820
32825
32821
32846
32870
32862
32886
32897
32866
32857
32866
32866
32867
32858
32866
32852
32849
32892
32843
32865
32876
32877
32861
32840
32813
32857
32885
32847
32871
32847
32849
32796
32825
32836
32858
32859
32865
32861
32825
32838
32817
32859
32821
32846
32824
32836
32885
32890
32935
32897
32892
32836
32813
32832
32836
32802
32807
32828
32824
32822
32822
32821
32835
32826
32871
32894
32855
32849
32815
32817
32831
32823
32841
32832
32833
32791
32797
32786
32814
32803
32843
32818
32803
32765
32779
32806
32811
32808
32801
32812
32777
32811
32837
32829
32819
32822
32821
32816
32789
32779
32819
32814
32817
32796
32791
32812
32813
32820
32838
32852
32804
32791
32796
32832
32807
32808
32814
32824
32843
32819
32819
32811
32814
32854
32831
32845
32845
32837
32842
32811
32828
32824
32794
32805
32813
32829
32804
32782
32788
32796
32797
32805
32803
32823
32827
32846
32849
32826
32822
32829
32821
32853
32831
32802
32808
32807
32797
32804
32800
32806
32770
32788
32796
32805
32802
32798
32786
32818
32824
32818
32789
32799
32790
32793
32782
32828
32782
32804
32779
32780
32855
32866
32844
32818
32787
32800
32815
32833
32801
32828
32851
32831
32806
32801
32834
32790
32797
32796
32813
32806
32809
32834
32813
32867
32852
32859
32872
32855
32850
32875
32839
32828
32816
32809
32802
32766
32787
32794
32772
32789
32822
32811
32817
32785
32813
32788
32776
32828
32847
32839
32847
32849
32833
32807
32802
32810
32822
32781
32776
32756
32758
32779
32768
32781
32819
32831
32821
32835
32831
32853
32837
32818
32786
32805
32794
32783
32845
32811
32836
32847
32831
32835
32812
32833
32850
32859
32834
32837
32831
32818
32826
32858
32852
32836
32821
32836
32827
32850
32844
32816
32639
33331
32160
33324
32036
33899
33459
29900
35730
30296
34485
31500
34281
31739
34281
33172
31893
33778
31045
32420
31470
33146
32460
33319
35104
34391
33485
32434
32095
31133
30852
31179
32916
33891
31080
33889
36288
34684
32675
34787
32788
28908
31038
31130
32887
33012
33730
32906
32689
31025
29131
35679
35280
38664
35920
34233
30350
25670
26283
29210
34281
39080
40573
35833
31397
25330
26145
27331
33583
39515
43626
37691
35192
26706
23301
22600
30304
37997
43160
41903
33682
28292
22232
24047
27515
37608
43436
45158
38107
28501
24624
20285
24356
31829
42061
46540
41100
33735
24734
21703
19638
28729
39832
44153
45810
35895
32814
24307
20938
25242
27678
40601
45005
44028
32548
25095
22211
24159
27380
37675
45953
42737
37647
30249
23620
21352
24473
30904
44147
50775
39409
29762
14242
23193
25420
27446
44732
52772
44625
34650
21578
17522
15652
27899
38768
58405
51374
35709
17592
11288
17132
23440
37499
50088
59708
44416
30728
10943
9210
19380
29435
46576
62545
53242
35090
6122
7648
17219
28364
40170
57534
55884
43546
23204
8422
6828
25002
35058
53216
61002
47876
29022
2087
9705
22738
33129
44979
60847
49793
35837
17258
6752
13024
28419
44262
58981
53031
43458
20419
4050
9539
23970
43041
48191
56886
45409
34773
14129
7075
13804
29226
50673
56653
50411
44200
21447
5132
6230
23599
48061
48940
55990
43569
34496
17515
5748
13266
26414
50682
56623
52074
44364
21610
5918
481
25376
42686
54093
57825
43921
33086
13740
5411
13745
24544
48911
60884
54410
41948
25090
8854
1975
16666
34852
59232
59463
44010
36932
16173
6529
10399
19688
45502
60576
58585
43481
29591
13500
1076
9610
27291
60514
59018
47964
41154
18132
10656
4476
21648
34581
58420
63371
51429
32380
13365
632
9209
19189
49826
63005
57170
37938
27344
15263
5852
18907
24284
48607
59895
59119
42419
19657
4388
5276
19180
33248
55188
63980
40104
29934
23752
12463
13409
21435
36703
50249
62554
46846
38877
8716
4370
15636
19330
45638
61470
52927
36110
26997
18199
16664
12950
28009
39880
57455
56874
49242
25272
6618
725
20360
27264
50272
61857
54281
34004
19503
19261
13918
17652
25720
48420
57251
57562
44371
18175
4961
3183
23094
34022
48353
65291
47891
26350
22181
13741
18890
17162
32340
49365
62777
47162
46093
12015
5326
9107
24418
39813
53604
63114
43425
27656
18374
17117
17366
18629
36043
48923
62173
49154
40135
10628
3174
9007
25944
42999
51742
58931
46126
21192
22026
14463
21542
16364
35592
53705
60673
47819
38492
12252
0
16828
26376
43672
56727
61697
40048
22297
19284
15096
19433
17199
43685
52108
62519
46044
32882
6925
1776
15821
27684
48266
57661
55754
40647
20176
16791
16331
20974
23869
37308
59354
55623
47170
28842
10691
291
20869
32803
45857
57879
57760
35853
16455
20447
17253
23067
19433
49282
52213
55198
42951
28882
8285
2808
22574
31231
44705
60440
49940
34999
21498
18331
20042
21895
25921
40593
55123
52775
45115
27500
10516
4888
21754
33085
44324
58873
51909
34573
18548
23398
15843
25351
21656
45958
53886
51090
45635
24934
9848
1269
26535
33665
42555
63079
48463
31376
20494
19360
19833
20717
29640
46386
54616
50346
43900
22369
5311
10823
22258
36403
47554
61941
43276
31054
19246
21440
18399
24700
32506
42504
55771
46949
46059
16935
8710
8743
26721
34031
48632
62129
41437
25409
25750
17921
20375
23547
35619
40817
57773
48895
41093
15938
6161
15466
19912
38001
55819
59420
36964
30348
22321
16582
19404
23616
38589
42907
59651
46417
38801
11581
9025
13300
23374
39481
59313
56466
35712
28699
24052
10703
23516
24808
38312
48303
58161
46115
28771
13488
6646
18513
18451
53129
60806
47305
37891
27849
13649
17246
22133
28265
41222
57429
52758
41915
22022
12540
7471
16902
33490
53109
60721
43161
36034
20918
14552
15175
27889
29566
47149
60677
47521
35478
18459
9773
10211
17240
45401
58417
52842
42862
31873
13757
14804
19978
22938
41750
54445
58699
39984
29327
15252
2369
12425
32181
52563
57154
52191
37875
21521
15011
10773
23346
28778
50325
61667
45724
41053
17932
8577
7011
20727
44623
56184
56656
45142
30190
15851
12714
16808
22244
42175
58189
57017
38901
33013
10755
153
20082
34051
48469
63470
48800
36390
17633
15966
9793
21597
34807
60282
51882
48163
39411
9453
2401
13872
26640
46955
60852
55054
38352
23046
16453
7965
19379
31256
52531
58011
47485
42537
18823
1132
9942
21735
42447
59217
58675
41104
27472
19333
7847
14301
26775
54270
50688
52803
48299
17319
7388
5004
19385
38151
56561
63605
41321
31494
22911
4285
10683
31297
46014
52279
58025
43180
25607
6417
5340
19060
31108
57991
61168
45904
34720
21199
7950
11732
25749
47587
47892
57923
48015
25104
9744
4641
17352
31302
54303
63690
40462
36729
29595
301
7063
37475
34878
48811
62657
43264
28953
8643
7894
16481
29995
56810
58286
44031
42142
19575
7131
16423
26918
40718
48898
58277
42525
28597
12007
9811
16337
34074
50723
59018
43527
40004
22326
5691
15437
35113
32194
51206
58497
36728
32819
11046
9153
24333
30965
53292
52752
43715
43853
13697
6591
26722
22370
40213
53352
49637
42961
25266
15105
11450
22824
37519
49136
51555
46869
35743
14600
14580
17921
30913
39030
51501
51425
37703
28204
11563
13797
27692
34530
52547
47759
44004
40144
6870
19350
23202
21612
49460
45472
50267
41113
19591
17997
14469
25228
43929
44429
52952
46473
20243
24458
11630
21961
33170
41511
52886
46925
36842
22918
12471
16062
33262
34896
53882
50693
39558
26655
14994
17440
20511
34948
44401
51876
46261
35763
20668
15016
15053
35095
31912
57747
51169
32943
33575
10867
11965
30681
27257
52671
48390
43561
41259
9986
23343
14038
27212
50664
45196
50183
42447
16480
20881
8025
30227
36671
43376
57458
37735
35438
17234
14778
22816
29377
46026
47990
46418
40833
16989
19617
14034
27578
41663
43831
55904
35026
32956
22784
6084
33403
27781
42445
58208
34208
40648
17963
15316
24179
22333
46420
50541
40535
48763
19457
21050
21133
18208
42693
39032
50325
40541
28502
26942
14156
25388
33417
41476
47709
42868
36015
26616
18080
23883
22168
46348
36180
46110
39719
25891
26667
21021
25751
41401
32919
53216
31731
34117
31148
11979
35732
28825
37045
42757
38331
34301
30435
17323
38057
22582
46134
39378
34050
41410
20326
32182
23291
31831
35486
37929
38271
36266
29021
31233
25305
34487
33623
38189
38629
34978
31988
26766
30826
28060
33599
37407
35984
34170
34432
27792
34953
27477
38389
30892
41073
30269
33604
30180
31041
29703
34157
34546
35042
35020
28607
37914
25143
41307
27342
39325
30374
34206
30440
33201
30842
34066
33245
34669
33620
29856
34300
29538
37316
31351
39019
30009
36479
27885
34776
29670
32241
34000
35632
33012
33338
30177
33585
31285
33987
37174
30727
40392
24797
38949
25200
35052
29367
36996
33731
33081
34073
31381
32539
30625
35972
31499
38989
29221
37996
27022
36139
27888
34930
33183
33799
33261
32593
32901
31084
33992
33308
35474
33743
34570
29662
34999
28099
35864
30393
37423
30925
35896
30195
32181
31927
34556
32553
35439
34946
30519
36010
27906
35574
29312
37150
31472
36540
30774
35157
28567
34381
30938
33695
35246
31710
36703
30104
35892
28852
35812
30290
36877
30691
35594
30743
34012
30557
33472
32429
33630
34334
32964
34173
31462
34395
31225
34796
32031
35533
31070
34781
30273
34190
31136
34363
31906
35571
31093
34494
32209
32443
34187
30829
36375
30332
37429
30121
35612
29904
34242
31197
34065
32762
33430
33223
31942
33413
31463
34338
32346
34911
32451
34830
32195
33967
31312
34044
32023
33533
32419
33357
32396
32721
31753
33788
33183
33960
33456
33477
33443
32080
33877
32076
34917
31933
34495
31697
32805
31471
32357
33198
33343
34080
33307
33718
32305
32938
32166
33370
33486
34207
33736
33357
32394
32113
32181
32862
33104
33578
33371
33194
32371
32560
32527
32993
33759
33885
33907
33670
32706
32658
32541
33007
32914
33606
33281
33119
32252
32431
31861
33093
33021
33942
33440
33634
33174
32550
33350
32721
33746
32990
33651
32686
32827
32335
32755
32511
33230
32918
33238
32644
32937
32573
33338
33398
33933
33258
33328
32963
32943
32735
33308
32939
33124
32962
32349
32906
32307
32895
33054
32941
33436
33029
33349
33099
33123
33208
33610
33211
33534
32689
33152
32159
32523
32605
33093
32933
33241
32776
33070
32573
33206
32786
33813
33213
33638
33078
33318
33019
32867
32873
32948
33049
32812
32948
32362
33002
32590
33253
32904
33291
33132
32707
33426
32860
33722
33330
33287
33133
33067
32829
32835
32996
32539
33037
32502
33139
32493
33172
32878
33075
33041
33113
33163
33101
33496
33212
33450
33094
33143
32968
32887
32748
32686
32628
32984
32974
33013
32964
32899
32965
32877
32998
33416
33186
33217
33224
33140
32954
33056
32913
32956
33141
33038
32923
32761
32646
32505
32766
32873
33208
33052
33362
32871
33184
32965
33063
33111
33195
33161
33098
33025
32928
32876
32849
32841
32794
32690
32913
32704
33037
32950
33092
33002
33141
33193
33027
33072
33165
33037
33018
33069
32962
32916
32837
32806
32876
32864
33002
32706
32934
32546
32970
32950
33131
33229
33083
33054
33027
33023
32958
33068
32774
32861
32877
33097
32960
33010
32684
32759
32748
32863
32860
33147
32872
33060
32717
33023
32940
32997
32963
33035
32871
33080
32618
32795
32823
33104
33016
33084
32816
32790
32859
33000
32979
32946
32920
32680
33097
32723
33046
33144
32922
33321
32742
32925
32626
33107
32831
33032
32827
32948
32893
32938
32955
32977
32943
32888
33013
32892
32807
32712
32955
33093
33117
33011
32888
32920
32745
32760
32898
32875
33146
32945
33144
32914
32680
33007
33069
33036
33075
32787
32954
32618
32849
32918
33070
33092
33012
32919
32811
32668
32975
33001
33206
33055
32788
32880
32937
32924
33221
32975
33140
32813
33180
32436
33240
32604
33410
32494
33507
32357
33606
32172
33599
32605
33237
32738
32700
33510
31951
34271
32262
33696
32785
32800
33397
32381
33743
31970
34036
31541
33930
32202
33316
32653
32808
33254
32612
33323
32680
33095
32642
33120
32862
33065
32997
33220
32823
33097
32805
33251
32730
33050
32510
33298
32529
33045
32756
33410
32579
33604
32476
32715
33387
32104
34232
31932
33806
32651
33011
33049
32609
33721
32287
33236
33022
33239
31642
33475
32860
33188
32670
33155
33098
32507
32876
32998
33024
33641
32332
33008
32710
33179
32846
33400
33050
32766
32800
32641
32732
32735
33499
32608
33544
32328
33057
32742
32693
33685
33142
32859
32899
32817
32753
33041
33439
33265
33713
31739
33772
31393
33444
32417
33830
32582
33431
32057
33108
32632
33226
33136
33590
32877
32937
32578
32598
32966
33507
33320
33178
32881
32716
32230
32704
32692
33371
33159
32764
32934
32376
32833
33022
33123
33136
33252
32568
32890
32777
32804
33380
33146
33007
32739
32790
32559
33014
32395
33318
32795
32526
33473
32563
33150
32351
33646
32559
33287
32569
33108
32813
33315
32689
33120
32580
33102
32455
33002
32318
33488
32753
33148
32341
33192
32567
33518
32795
33598
32304
33246
32479
32792
33200
32876
33309
32710
32755
32727
32774
32399
33286
32702
33346
32986
33125
33103
32986
32624
33245
32446
33663
32437
33247
32384
32900
32784
32937
32448
33101
32910
33062
32800
32947
32719
33037
33036
33187
33203
32961
32885
32667
32942
32516
32762
32897
32968
32825
33294
32175
32998
33100
32726
33385
32902
33221
33018
32889
33372
32946
32761
32955
32673
33116
32676
32749
32804
32784
32619
33129
32751
33171
32821
33280
32944
33226
33078
32991
33032
32920
32956
32639
32993
32595
32999
32572
32571
33017
32556
32906
33186
32750
32944
32585
33802
32663
33539
32806
33129
33142
32072
33590
32335
33392
32462
32679
32950
32115
33504
32218
33291
32720
33162
33255
32741
33284
32785
33339
32832
33220
32862
32924
32897
32649
32932
32387
32938
32531
33285
32520
33356
32439
33608
32763
33486
32574
33405
32866
33103
33232
32613
33385
32689
32358
33202
32167
33192
32433
33302
32470
33029
33036
32925
33405
32738
33428
32871
33162
32843
33208
32796
33066
32603
32757
32720
32769
32875
32714
32835
32570
33055
32876
33220
32961
33413
33020
33215
32882
32964
32868
32781
33059
32947
32669
32703
32729
32869
32778
32715
32657
33070
32838
33088
33079
33454
33013
33155
32812
33198
32736
33176
32418
33145
32779
32824
32774
32685
32689
32916
32821
33035
32797
32990
32856
33281
33132
33254
33010
32990
32854
32856
32691
32644
33007
32666
32727
32691
32909
32995
32837
32831
32665
33018
32836
33244
33163
33307
33237
32851
32771
32758
32575
32769
32816
32973
32799
32904
32767
32719
32805
32867
33024
33041
32837
32900
33001
33010
33098
32899
33028
32757
32965
32570
32814
32421
32876
32735
33113
32676
33118
32668
32900
32834
32961
33036
32975
33165
32974
32738
33055
32909
32971
32835
32831
32734
32758
32780
32661
32651
32708
33127
32932
33054
32789
33116
32765
33046
32715
33108
32843
33257
32920
32868
32630
32795
32865
32984
32910
32699
32651
32715
32930
33010
32893
33090
32962
32925
32839
32949
32822
33108
32657
32911
32921
32755
33061
32661
32849
32938
32723
32857
32749
32725
32759
33114
32856
33159
32833
32868
32672
32768
32818
33085
32884
32909
32683
32883
32765
32902
32740
32967
32833
32922
32752
32973
33002
32958
32928
32771
32849
32715
33223
32975
32981
32959
32604
32822
32711
32845
33119
32858
33181
32923
32885
32771
32734
33093
32780
32949
32930
32748
32758
32720
32959
32923
33003
32841
32891
32621
32876
32881
32967
32972
32968
32911
32847
32826
32883
32976
32955
32908
32796
32659
32912
32818
33049
32727
33047
32855
32924
32850
32802
32898
32830
32916
32906
32901
32839
32836
32859
32861
32892
33121
32811
32917
32514
32970
32888
32959
33076
32914
32925
32874
32750
32772
32921
32897
32929
32805
32851
32744
32873
32929
33109
32930
32904
32726
32889
32837
32953
32826
33056
33015
33050
32771
32637
32765
32964
32889
32869
32881
32764
32685
32953
33088
32867
33081
32854
33181
32600
32792
32671
32903
32927
33027
33126
32775
32622
32631
32895
33056
33081
33018
32819
32727
32607
32878
32988
33208
33070
32975
32611
32625
32728
32942
33191
33112
33010
32889
32478
32800
32944
33141
33224
32958
32969
32679
32833
32671
33404
32705
33449
32603
32663
33211
32617
33136
32669
32841
32885
33140
32804
33000
32904
32562
33055
32640
33275
32951
32948
32828
32902
32819
32651
33032
32683
33196
32885
32983
32129
33260
32646
33250
32881
32637
33624
32652
32626
33205
33178
33181
32717
33202
32530
32518
32538
33203
32532
33256
32523
32664
33239
32950
33137
33587
32858
32698
33251
32609
33357
32128
32876
32758
32743
32504
32505
33076
33508
33671
33031
33172
32947
31925
33355
33664
32917
32886
32795
31431
33036
32173
33239
33975
32195
34343
33153
32170
33501
31586
33595
33265
32196
33295
33028
32294
31907
33275
32822
33257
34654
33111
33336
32427
30652
33010
31912
33641
32863
33515
32928
32444
33110
33284
33269
32734
33923
32626
31808
33723
31207
32077
34477
28379
35947
32367
31226
40398
27645
36040
34843
24906
39221
27745
32915
35887
28023
36441
29531
33382
36884
30653
36890
32356
31084
32944
30198
32655
33298
31695
33366
30608
34612
33423
35781
35495
33565
32465
30432
31125
28421
34066
31904
33052
33110
30962
37534
33639
35364
39521
25607
36144
26367
27904
34929
29390
36556
31316
30902
41461
27260
42647
35061
28255
36838
20281
33467
27955
32324
37901
29476
36161
36651
30422
41877
31090
35639
29060
25887
30785
25959
37055
31475
35917
32831
32384
39913
30967
40419
33673
25677
33800
19590
32274
33910
31422
42161
28341
38844
32684
33290
41706
26469
36074
26261
24598
33360
27346
38915
35214
28805
45716
22867
44199
34903
29063
36694
20321
30714
26166
31585
39330
34531
33721
37192
28396
39653
29957
43027
24483
30135
29017
21427
34879
32293
39535
35669
29016
43402
26975
35748
42026
20231
38447
20037
30406
30680
30674
46190
27071
32958
43763
20906
44031
34837
27812
36510
18627
34705
24851
32739
44925
26557
36077
36542
28169
40273
31804
39155
26851
27052
29717
24280
35366
36295
38676
30840
31622
38758
29779
35789
41350
26137
31357
25948
27600
32201
33403
45746
22939
34347
40284
24602
42492
36071
32566
29909
25037
30403
25414
37498
41206
27919
31435
40940
25133
40433
38412
33365
31884
22974
31047
23934
36628
39507
32711
31205
33273
34493
33169
37887
41086
28320
27350
29158
23292
32552
39406
36652
30542
29492
40533
28169
35820
47980
23769
32420
26681
22180
33737
34770
40198
31454
25725
44674
22528
39310
45810
26607
35044
24516
23913
30898
33668
39986
33893
25571
40898
23616
40881
39188
37885
31956
23466
29762
21289
35500
37972
34020
34709
27772
35354
32788
34734
50111
22030
34332
25745
19021
38055
32085
36851
39171
20941
42548
25374
37094
50019
20858
42379
21397
21014
36063
28552
38103
39162
22592
41231
23074
42530
39664
33898
37956
22425
26578
26130
31592
35518
37276
33289
32097
28536
40149
32888
43261
31308
30834
26286
21936
34170
31986
34605
44226
21760
34542
36638
30600
43723
32588
34347
27036
22808
32014
29053
33870
45747
22641
33320
38771
29224
42055
36209
33642
28912
21872
32296
25540
35981
41771
28882
32466
32500
35127
35230
38828
38678
26979
25762
28797
24600
35058
36733
39804
28066
28333
43080
26421
38420
45784
20831
34373
25791
23348
34402
33405
43964
26142
27312
46593
20609
42197
45370
22916
35993
22472
26553
29991
33952
42505
29333
28346
42494
22007
42716
38791
34994
30620
24657
29155
23517
34597
39095
33406
33200
31670
33418
34296
34573
47502
19941
33222
29284
18765
37906
34312
34562
37708
23677
43170
23721
39444
47977
20148
38966
25000
19640
37113
29272
37723
37775
22859
45714
19260
44654
39575
29680
37012
23638
26015
29557
30385
37549
34176
32288
35358
27053
41078
34428
41921
28518
29681
27221
23262
35072
33610
32765
41390
23875
34950
35140
33958
45752
26902
35677
25637
21527
36892
26791
35659
43808
19309
39524
31345
36870
42319
31393
36724
24277
23626
33493
25621
37913
38805
27128
35165
29720
38954
36597
38616
35515
26409
26377
28416
28039
34817
35919
37663
25717
30913
40732
31083
42127
37224
28516
28669
25236
29540
30066
35621
43029
20950
32291
42706
26307
42948
38983
29120
31284
24857
28989
28482
35456
39953
24860
31299
40158
28515
41720
39625
33099
30453
24707
28934
26463
34892
38803
30287
30314
33452
34814
35523
37274
43022
24941
31225
28577
22740
35684
33991
35660
29178
26712
45842
23458
42787
46551
19842
38658
23068
23771
35194
31517
38835
28405
25688
47476
17080
48341
41144
27464
39015
20352
28710
28183
31144
39479
28951
31388
36375
26351
42647
36067
41751
27888
30245
27437
22285
35916
32661
33586
35497
24053
39487
30618
39278
46870
22654
40829
20956
23061
36428
26089
40234
35056
20989
44427
22568
43462
41954
28174
42967
20873
26779
31779
24539
40546
33240
26931
37534
25953
42619
36242
38851
37192
26798
28151
24925
29347
34715
35077
34630
26919
34256
36517
32848
42925
35353
32957
28532
24302
31076
28810
36634
38443
20326
38947
33442
29280
46860
35435
35349
31077
23725
29885
25681
36031
37251
25796
36256
35422
26971
44154
35654
36736
32915
25767
30884
23383
36421
34192
30887
31707
32361
31357
36373
39685
41859
27838
36686
23917
24396
32961
31692
36446
31604
29829
39129
23818
44127
39632
27830
44646
18433
29778
29668
28116
38517
31264
29456
39928
22582
44930
34268
35500
40685
23922
30246
28672
25184
39002
29438
33597
33555
29264
38891
33005
40739
35033
32456
29126
26213
29517
31295
34134
35614
27018
36404
32421
32387
41968
34348
35819
31634
25857
32389
24693
37023
33402
27769
37166
31044
30955
42565
32914
37786
33521
28811
30168
26808
32897
33922
29799
34152
32668
29613
40368
32694
40139
32967
34309
28485
29018
29222
32746
31080
33651
29822
34599
32396
36507
38519
34000
37565
28960
29679
30462
27573
34645
31949
30507
34742
30951
35276
36736
35310
39322
30664
31546
30519
26504
33272
31509
32290
32817
31825
33655
34591
35817
38052
33807
34063
30504
29987
29016
32084
31414
32901
31258
33398
32799
35060
36813
35483
35349
32153
31482
29805
29983
32711
31462
33374
32132
30875
34845
33349
36120
36160
34118
33762
31886
30029
31234
30518
32259
32446
30497
33801
32872
34555
36075
35439
34773
33913
30860
30790
30956
30569
33066
31312
32816
31480
33267
34426
34996
36023
35363
33505
32570
30694
30909
30106
32025
31677
32297
31816
33639
34611
35813
35227
36358
32329
32531
30520
30083
31427
31630
32744
31279
32963
31963
35633
34699
35523
36206
32496
33113
29851
31009
30250
31988
31674
32123
31982
33030
35106
34515
36381
34472
34138
31913
30477
31106
30596
32221
31981
32211
32104
32675
33804
35195
35227
34915
35186
31828
31455
30400
30852
31811
31659
32980
31424
32449
33603
35240
35142
35345
35224
32405
31307
29997
30946
31270
32528
32282
32222
32238
33777
34505
35129
35196
35158
33342
31219
30505
30163
31373
32054
32541
32376
32812
32832
34350
34801
34788
35485
33643
31948
30367
30415
31234
32132
32533
32894
32687
32512
33750
34388
34164
35814
33916
33245
30344
30905
30576
31570
32593
32851
32307
32606
33224
34276
34606
35459
34819
33354
30986
30502
30349
31625
32528
32772
32634
32367
32647
34190
34558
35264
34861
33774
31680
30626
30649
31641
32125
32545
32595
32363
32677
33669
34776
34824
34844
34223
32393
30642
31192
30917
32280
32385
32596
32307
32464
33361
34490
34649
34782
34427
33224
31148
31257
30883
32053
32086
32374
32430
32227
33027
33872
34685
35122
34354
33852
32009
30799
30914
31645
32023
32880
32505
32627
32592
33105
34499
34593
34282
34412
32900
31389
31028
31313
31515
32758
32307
33137
32319
32963
34126
34340
34795
34451
33653
32245
30608
31403
31205
32585
32331
33094
32351
33065
33098
34243
34524
34555
34387
32997
31245
30714
30911
32016
32415
33235
32807
33037
33028
33672
34061
34037
34260
33953
32440
30682
30953
31478
31853
32708
33279
33506
32965
33121
33880
33574
33904
34422
33190
31899
31035
31371
31334
32485
32845
33349
33093
32940
33569
33707
33867
34320
33998
32763
31449
30918
31265
31843
32598
33482
33065
33204
32964
33445
33884
33663
34098
33958
32219
31169
31333
31363
31667
33296
33511
33148
33300
32824
33980
33254
33909
34502
32973
32076
30690
31605
30977
32708
32992
33484
33233
33086
33347
33343
33373
34228
33880
33207
31437
31182
31040
32063
32511
33842
33419
33312
32969
33174
32795
33732
33871
34079
32750
31636
30695
31604
31631
33336
34197
32847
33741
32619
32780
33200
33513
34489
33089
32507
31354
30859
31812
31932
34258
33580
33264
33080
32485
32720
33086
33843
34096
33086
32632
31113
31134
31297
32577
33892
34117
33455
32886
32871
31980
32734
34000
33278
34091
32364
31339
31594
31362
32118
34309
33902
33395
33557
32386
31687
32725
33350
33586
34095
32487
32050
31253
31704
31948
34235
33783
34106
33429
32323
31684
32151
32727
33491
33773
33400
32524
31827
31600
32307
33085
34105
33664
33247
32648
31723
31963
32558
33164
33790
33626
32823
32738
31496
32140
33358
33091
33935
33207
32259
32505
31518
32535
32808
33159
34145
32970
33491
32225
32312
32389
32824
33711
33205
32819
32732
31891
32128
32906
32554
33511
33635
33224
32800
32569
32351
32334
33448
32945
32834
33056
32538
32391
32866
32367
32358
33672
32984
33464
33087
32615
32032
32907
32226
32948
33509
33218
33084
32670
32118
32493
32544
32953
33520
33353
32539
32726
32460
32148
32823
32818
33067
33904
32943
32940
32297
32241
32256
33110
33177
33196
32847
32561
32472
32529
32034
32565
33533
33395
32590
33971
32692
32052
32930
32289
32933
33119
32708
32991
32705
31622
32429
32423
31676
33626
33806
32450
35962
31686
32764
32517
32422
32691
33458
32511
33121
31909
32155
31764
31878
33169
32337
34422
33320
33965
33266
33306
31309
32899
32714
32640
33623
32325
32226
32853
31831
31693
32807
33005
33372
34460
33246
33164
32919
31880
32311
32936
33396
32780
33761
31220
32951
31229
32549
32466
32910
33902
32903
34122
32830
32844
33054
31747
33054
32576
33520
32840
32940
31937
31395
32437
32399
32948
33538
33619
32657
33970
32310
32974
33509
31376
33235
32980
31767
34584
31900
31723
33177
31205
32584
33309
33202
33815
33311
32897
32984
32596
32452
32741
32828
32828
33526
32543
32460
32470
31298
33034
31862
33497
33321
33824
33223
33119
32011
32836
32537
33140
32591
33672
32749
32474
32338
32249
32287
32357
32113
33692
33347
32950
34396
32916
32537
33190
30887
33305
33685
31939
34750
32300
31463
32526
30449
32729
33753
33470
35374
33630
33419
31450
31978
31558
33271
33078
34301
33323
32491
31745
30816
31724
32329
34069
34653
33956
34411
31814
31611
32237
31728
33736
32933
33349
34211
30608
32345
31101
32270
34277
32664
34793
34728
32083
32331
31837
31884
33026
31651
34441
33435
30722
32676
32037
31960
35430
33207
35177
33358
31781
31547
29104
33099
33270
33575
35412
32416
31447
29130
32205
33350
34661
38353
34539
33595
29730
27948
26736
33930
34638
33611
41963
30189
28454
31634
29913
33794
36656
37314
35621
31119
27911
25202
32458
31730
35782
39909
34691
29706
32801
27151
36106
32193
36991
35690
30698
31606
23584
33917
29150
37760
36582
38697
29806
29905
30722
31442
35721
36815
33599
35829
26346
25483
28377
34782
32961
40164
43217
26972
33267
25857
29372
35349
36671
35313
35340
32610
21052
27542
36262
27413
44992
39477
32022
34071
25999
31642
28930
35861
35251
32413
36978
25878
27575
31199
31796
37483
38606
40498
27864
35038
26060
25305
36557
31077
38975
33118
37182
23089
23709
37245
26240
47662
39777
30458
42858
12357
31213
25192
33553
43985
30233
50287
13401
28822
29867
25753
47726
36051
39977
35724
20074
27634
22782
36572
39752
36436
44794
19869
29177
22623
35831
35582
42608
40061
29353
30486
21102
23006
39298
36437
43959
37761
29005
21385
22138
37720
28305
48379
40928
30300
33385
18876
22383
37785
34838
49571
32373
34382
20854
19768
35303
29818
45435
43860
32573
30416
21580
23394
33170
37806
48484
33574
35135
20968
21011
27516
35514
41557
43840
41304
27545
17006
29866
24148
37257
49592
39698
34944
23420
17361
29104
28578
45570
35832
51656
32800
7489
33084
20641
33275
50346
39003
44541
21844
20117
23700
22950
48127
36464
49553
39672
19493
14597
23547
34097
37066
51985
40073
37650
15101
25416
17074
35129
45008
43748
42982
32885
20542
10108
35046
35747
39928
54215
32686
34772
15394
15679
31212
34408
53903
39013
38489
29987
9948
16058
40741
40108
38039
59878
20713
34134
7487
22009
35483
36767
58158
31214
42289
20318
12919
23111
33358
46599
40427
49416
29531
24160
16315
27308
25847
46132
45883
41856
36862
23516
19508
12521
36308
44774
38128
46383
36171
21591
25173
24805
26169
40659
42087
50181
33350
29760
15989
12942
34103
36060
47919
42187
40143
27069
22648
23251
23684
36396
43295
49022
39831
32585
19035
11236
24130
35303
45759
48259
40763
36029
17038
20190
27911
25379
42417
55812
33560
41695
26291
6432
24491
22542
45852
50615
40647
44243
20103
18017
25790
18604
43108
47022
46761
41243
28779
20160
8658
23235
31024
53065
49618
43587
34381
16401
16120
22922
27405
44553
52778
46628
35052
23613
16442
8691
27997
38215
52089
59902
32232
31944
12595
6772
30784
27028
56387
56619
38823
35710
14380
9809
15946
24320
48759
63282
45131
39933
18587
4425
17079
30016
40189
60459
52233
34526
32692
5406
13311
17606
28970
54151
54735
50278
28705
15663
7952
16232
35283
47605
57560
55346
28551
20806
9994
9658
22574
38936
55264
59440
39350
20354
19699
1110
23852
44064
48085
63865
40427
28580
22635
0
21539
20761
44680
62045
54096
35473
21808
1904
6884
28110
44088
59506
59051
39048
25566
9618
8664
20611
25191
53821
59738
53316
36096
10839
7346
13663
24097
53978
56200
57307
36432
22255
10514
6142
21069
34528
46105
64233
51164
31121
12599
6716
5148
35654
51634
56087
59477
31761
25671
8443
6433
22137
32862
49015
62851
50634
33239
10135
6832
8321
30885
48929
61245
52125
36565
25228
6500
16647
17129
30111
47615
61372
51709
39587
10858
7450
12170
18925
50344
63732
44226
48537
21921
11527
18678
12982
27898
46463
53287
58936
42099
14674
9028
8907
19573
44018
58747
51888
49367
23428
20413
10141
14155
28297
37705
55631
57487
44857
24699
6578
8052
21561
33434
54019
60083
44497
35213
18194
10336
20359
17086
37906
52112
54492
47749
34961
7461
8584
19767
29012
47339
60571
46251
40583
20999
14837
16742
18381
32474
45165
56274
47973
40358
14573
9680
16565
26988
40281
55529
51024
40541
27063
23390
13429
22066
24594
38509
48557
54519
39638
31563
13636
8206
28013
33649
40837
59126
40696
35314
28056
18337
20846
23161
23591
46247
53575
41701
44772
21401
6281
25298
23612
35866
52824
48471
37952
35975
24950
18033
18193
24964
33616
48153
49597
43740
36356
12731
17394
17508
34764
37902
53859
44724
38457
29290
26683
12853
24431
22992
43084
45944
50510
39652
33444
7292
21696
25153
28835
52274
48252
37792
43102
25451
16668
20986
23867
27576
48884
42592
49912
42655
11361
25283
14758
29309
38136
47863
45715
40720
36451
22162
21308
20405
26550
32063
43045
51525
41738
35693
15261
16220
29162
22959
42898
50226
40318
39819
37638
15899
24712
23638
20185
41910
39945
52662
44083
22227
19183
25507
16843
33063
48406
42665
43043
41028
24015
28116
15620
26405
26848
40328
49520
45676
35740
24263
22189
15481
30312
34179
46732
44895
40364
37032
25996
21208
22658
23613
33322
42065
47562
42243
36902
18943
22333
22096
25896
43045
42770
43063
40553
35528
21881
23632
23865
26785
36016
41093
46300
43021
25171
25139
22746
22856
32227
41878
42204
43109
38161
29208
24804
23503
27234
28500
38274
42789
43885
32973
30426
21806
25229
27501
34001
42943
40521
38008
37341
26202
26308
28043
27932
31295
41789
37493
39232
33290
24105
28605
26642
30692
38214
40101
36481
37127
32238
27653
30455
29126
31670
35239
35990
36238
34415
29944
28876
29572
31248
33879
37077
35804
35022
32533
32950
30349
31911
32980
33066
33362
34140
33261
32721
31096
30615
32943
33418
31681
34742
34842
32653
34032
34525
32993
32499
31524
32567
31967
31829
33404
34869
31498
33807
33357
31061
31612
33529
32038
34349
35584
35018
33106
32903
31809
31166
30856
32544
34158
33637
33301
33431
31961
30909
31720
32919
34043
34155
35821
34537
32885
32428
30966
31636
31691
32712
34492
33807
32420
32972
31957
31375
32619
33675
33587
34193
34513
33523
33115
32604
32857
31956
32484
32402
33363
31622
32620
33238
32735
32500
33486
33194
32820
32855
34107
33543
33684
33656
33231
32148
31711
31859
31610
32662
33071
34116
33806
32154
33086
32488
31361
32846
34721
34826
35074
34298
32201
31629
30371
30861
32173
32954
35325
33922
33435
32476
31810
30322
31783
34394
35517
36152
34809
33766
31334
29911
30456
31628
33143
34431
35101
33570
32357
31475
30786
31639
32773
35710
35919
35435
34454
31869
30647
30191
30413
33064
34266
33587
35478
32536
31248
32282
31090
31085
35338
35212
35554
35267
32547
32258
30821
29120
32587
33502
32982
35235
34193
32025
32098
31296
30251
33427
34362
36189
36412
33925
33094
30221
30095
29972
32325
34104
34494
34858
34375
30885
30478
31548
30162
34321
37415
34871
36586
32685
29725
32125
28076
31213
35890
32824
35189
36751
29482
30722
31842
28542
35000
36606
35269
38593
31707
30708
31504
27464
31016
34803
32838
36120
36587
30762
32434
28796
31149
32175
34652
37773
35484
35814
32158
27956
31134
28928
31373
37083
33622
35080
36813
28325
31669
31909
27572
36790
35244
33600
39462
32403
29225
33699
25780
32248
34917
31023
36518
35435
30877
35553
30776
30454
33423
30314
35015
36170
34432
35808
32089
30122
30397
28561
31347
31965
34639
36995
37553
36228
32498
26982
29481
27818
35552
36981
36367
42065
27980
26302
33896
20024
28124
40988
32701
49493
36113
28553
32118
16312
29513
35495
34245
46026
40490
29024
33402
19007
20983
33646
30958
42798
50472
34556
35834
20102
21705
27556
27411
43858
44194
41433
33620
25120
24538
18885
25720
40056
41836
48442
40650
27548
26137
17559
24986
35717
38741
45680
44940
27786
27882
22330
15608
39362
28782
43923
54086
30648
33063
23454
16230
30250
32144
39815
54857
29672
32536
29672
13027
27837
27325
41419
46435
42499
39701
25534
20703
20707
28108
36721
45314
45237
37768
28387
19781
23558
19980
39666
35642
44915
50855
30094
24193
26095
13749
34232
38361
40881
54133
28629
23268
31217
11636
29911
33696
41264
53273
35473
35376
23793
16931
24195
33863
38573
49915
42588
28499
30975
11287
25965
27971
40709
43195
45934
40342
28514
19470
23149
23988
33349
46912
43202
43307
29939
13528
30080
18289
33398
41017
40274
52850
32875
22421
28559
13427
30707
39312
40677
53011
33309
19657
34778
8845
28073
39047
35939
53626
35700
38538
20388
20567
21798
32524
40248
46635
47181
28034
29505
12628
25476
28311
38548
43583
43683
45430
28656
18193
22957
23051
30550
49177
42620
46416
30975
10902
32114
16136
31693
40937
41316
55170
32157
25722
23733
14829
28275
39073
41489
54634
35941
19823
30593
10588
26009
36714
40540
53761
36645
38901
18862
19633
21421
30846
40674
50258
46409
30635
25686
13462
24359
23707
45035
43064
44665
45284
26595
19394
18349
26140
29690
51997
43579
45221
29555
13284
25853
14980
40311
37174
46999
50908
33524
20809
22769
18239
26339
45792
38095
57823
29400
23410
22276
13213
33220
31536
47813
50652
37061
34016
17941
20663
23676
32409
42451
50965
39290
36173
12851
24173
24401
22951
48367
42929
46626
37383
24402
21299
22777
23142
41246
44286
45489
42880
11635
34942
14922
23595
41796
39783
49856
37542
30948
24047
22230
19635
39553
38453
49520
40697
21662
30888
15069
29294
29199
43070
47430
38143
38144
22145
23001
22063
31473
37458
50640
37693
37211
18398
24364
28113
18991
47588
39933
45174
39141
24894
23541
23556
23715
39992
44066
41281
44475
13432
34603
17225
23217
41459
38187
50456
34661
34517
21238
25512
18877
39401
36830
49193
38995
26645
28384
16266
30917
25053
46007
43715
43502
33283
25790
21885
23844
28446
41150
45241
38257
38224
15412
32450
18102
33459
37221
41589
49713
32132
25085
23840
27965
20526
50178
29460
52864
24512
29066
28555
12743
43328
27070
49526
38447
43404
20666
28305
20688
30568
37767
36242
49293
22471
38973
17578
29526
22787
37199
46933
36957
43614
26716
24800
22095
27769
35119
46266
33506
42255
21912
32533
23940
20840
41390
37925
51254
33310
28191
26396
23507
23076
43297
33717
49288
26570
33794
29388
13944
37139
29833
46396
41882
39540
27317
23067
23291
31537
34210
39460
44005
28026
37564
17855
33208
15969
45144
40225
43380
37245
24951
27807
22610
24175
45958
33737
45388
32151
26894
34999
6064
40209
37814
40837
47557
33871
22000
29246
16760
33083
40850
37234
53074
14716
45079
11172
23305
32837
37904
52538
38524
34180
23359
18404
24751
33234
41697
47565
32480
37838
17385
31250
15129
38560
46384
45387
43158
28404
18792
22053
23366
39461
43683
42242
40758
18924
37963
6921
31638
40959
41457
52782
33860
22092
22496
16899
36860
37359
43303
48795
16172
43384
7476
32021
26149
44339
48353
40170
32399
19328
19421
30157
32524
45476
41935
33850
28500
22545
31008
12321
50684
38546
46905
36473
19426
25862
21406
32624
43722
37073
48640
12403
40823
22751
11974
50395
32256
53245
33520
28341
22218
21347
29803
42129
37101
49675
17409
39680
18003
25643
32645
38745
49550
34790
36921
19119
20734
29241
34933
43598
43457
31472
26011
24757
31555
17933
50521
38951
40265
37531
21875
23643
21304
36074
44935
38236
45006
11172
38494
20896
22057
49728
34121
49993
27590
29443
22300
19020
38629
38730
45185
41983
14137
37125
16281
34376
33915
43292
48412
28477
30876
17443
24602
33294
37378
50086
35764
28582
19016
29353
31396
28088
51753
33871
48656
17819
19182
30594
23288
46147
38970
45501
29631
10663
41347
12865
48261
39253
33709
53136
13024
27456
19633
33515
42655
36115
47961
20520
28619
25808
24234
44013
37426
46718
29657
29332
23833
18654
39327
34675
48261
33920
27897
22014
29153
36563
25499
55216
30302
40647
23313
13337
38972
22848
48662
40522
33580
31939
8164
43272
22850
44544
46676
27817
47839
7639
28111
24911
37098
45978
37432
41635
13675
27660
28536
30127
48340
38032
47181
21293
25623
18990
27267
39320
41290
47804
31753
22344
18861
27007
39566
36739
53872
29428
37824
16416
11144
39476
32457
48435
42867
30906
24540
17207
35791
23955
56542
37680
40612
30285
8729
35859
18329
44082
47637
38879
36399
8222
35642
22058
41261
46415
38119
41882
18853
23633
17497
34008
45477
40686
44120
20981
26180
23418
33494
36948
48168
41012
30376
27863
7890
38031
30569
42009
49104
30969
31196
11361
36367
28616
44664
49603
32276
33823
13935
23890
28145
34440
55316
37615
31829
19609
25744
28859
35859
49795
41703
34884
25121
14825
24208
29173
50144
43416
39080
24914
21103
26971
29567
44693
47306
37876
31456
20039
16440
27830
40902
44288
43627
34007
19147
28452
21941
41757
46955
36408
45225
12107
27091
18308
36264
41201
40913
48062
15885
32243
18031
38287
40797
40909
46923
17501
31713
13465
34251
31399
44831
46699
30164
26304
19559
34565
34172
44308
43610
32585
25436
20756
25415
29700
41118
45775
43998
17507
27707
27588
33110
40354
45282
37493
26931
27171
15818
32035
32067
49861
44320
22255
32741
19906
34391
33364
48484
38767
31962
30088
12390
30591
25700
48748
42840
34442
30562
19358
32699
28771
44850
43768
34569
29934
20091
21984
24412
45923
38164
48839
23259
23443
32547
20651
48180
38411
44523
26183
27752
17146
20916
44992
32931
58537
18165
32911
27199
17581
50426
29525
54364
22724
33421
16020
18647
40577
33215
56517
22791
37850
18505
27979
35867
36058
50796
26789
36839
15495
22727
27306
40806
46271
38284
31304
18480
38502
17118
50117
37322
36074
35825
15170
30685
15726
45432
38154
48441
25552
24377
36758
14632
55023
29903
45382
29314
20770
29238
15771
43158
35652
50647
25994
31224
26155
26146
41781
35429
48720
25038
30730
19559
24132
33193
36221
49751
33419
30395
23386
32493
27790
47125
39412
35637
29985
13693
33826
20324
42226
44674
40832
25782
28628
28338
27804
49244
31683
50058
19508
19620
30078
20668
43741
37917
46161
24613
33805
20801
35476
37868
39989
46179
22921
28758
11533
34764
32911
42594
42933
32362
27707
27697
29514
35684
47035
31211
42750
18840
18231
29604
32049
45769
37630
36145
25231
34416
18091
49435
35667
37778
40129
15026
33704
8961
44853
39421
43537
28798
31453
28858
21429
47355
33201
50381
23785
29462
24341
17805
36854
35033
51265
27474
32796
24069
32881
30349
46404
39191
34058
27978
13247
37309
24826
38950
41749
38592
25813
32902
23401
37978
44374
31071
48017
15511
26038
22145
35660
39810
39389
31756
31798
32307
18255
49074
31070
47737
32142
24968
27118
13005
40929
35429
47773
25490
35671
24213
32028
31678
42898
43839
29569
35222
14064
30046
25234
36407
47195
35829
27156
30918
28805
29679
48693
30122
47699
20372
21775
28288
28801
39560
36681
38002
30955
31939
19473
46515
35547
40485
38057
22619
29362
13569
40190
36172
44352
27095
36290
25549
29286
35472
40540
46031
28138
33160
18726
25886
29966
35154
47169
34120
28286
27057
33196
27690
49037
33708
42800
24421
17914
29635
31449
39646
36509
36526
29784
30600
21875
45672
39360
37129
37501
24297
26792
16396
39011
39152
43768
24083
37273
23545
30255
36817
40144
46832
27654
30682
18523
28114
32122
37860
42073
34800
28228
25496
32882
34131
45710
32569
40193
26819
19788
24990
36235
42013
35681
30033
33217
29488
21402
48566
36898
42820
28712
26108
26237
22632
37639
37975
44143
22299
36777
21591
36728
37524
36927
45612
26589
30871
15183
34514
33823
40325
32746
35355
28825
27891
31578
42167
42340
32804
32804
24461
26334
28008
34518
43442
35806
24856
32258
29793
29268
49055
29026
47947
25812
20806
23172
36219
36892
36966
31984
33632
29811
23022
44987
37532
40429
33265
28624
26580
21388
34844
36255
43929
26233
35438
21131
38025
31736
44804
37249
35048
29985
14986
30462
36223
38959
33331
33504
30014
31783
23739
45235
42994
33683
35643
22883
25475
28580
32107
40874
42664
19524
38391
20428
38034
43485
30089
49444
25987
25306
18330
34187
36633
39834
29561
36437
27442
27224
37696
38328
45423
32475
29683
21687
26603
33893
35499
38428
37027
26391
27111
31382
35879
48839
28041
41569
29561
18460
26530
32975
40290
43025
21252
36149
28283
26965
46163
31689
47550
33084
19127
23223
34694
30809
39876
34107
33554
32355
18870
42746
36525
43683
35353
29278
25570
24519
30045
35975
40319
34921
30668
22516
36442
31433
46388
32342
39101
34381
15633
26092
35629
37585
40286
26144
32001
33699
21883
45569
36157
43292
36785
17584
24241
33211
30884
39395
37112
31482
32556
18165
42706
37273
39825
39416
28925
26198
24774
28736
36550
40789
31503
33458
21663
36997
32621
42148
37540
36636
33472
16995
27120
33838
38299
39051
28024
31013
34015
22352
44494
36100
41940
38921
15353
27554
31642
31492
38884
36071
31235
33942
17780
42694
38926
37089
42246
23713
27622
26331
29418
37612
40893
28895
33189
21638
37190
36152
38821
40957
32938
31710
19378
27809
34654
38577
36926
28947
27982
34970
25971
43576
36114
41497
37800
14837
27038
32720
34869
38528
31674
33097
31571
20201
44009
37230
40286
42247
18622
27695
28290
30573
37875
40020
29596
32232
19849
39091
37204
39294
42224
30302
28166
21980
28353
36355
39597
34877
29721
24951
34615
29857
43479
36952
39198
35930
14680
28060
32598
37185
40760
25850
33807
31369
21552
46398
34009
43811
40291
14336
28390
29262
33422
40020
31909
35784
29513
20255
42547
35163
42724
40289
24718
27023
25249
31285
36579
38718
33577
30263
22406
35469
34624
43704
37301
36431
30056
18780
29946
32609
38540
40327
24882
29612
32753
27277
46862
31613
43450
35906
15420
29020
30273
37531
41281
23602
37112
27646
24408
45429
31211
47608
36947
19887
26999
27333
35659
37258
32142
36597
28103
24567
37222
35447
44576
36562
31700
24128
24328
35133
32532
38822
35385
28080
26708
30164
36089
45692
32877
42352
24927
21517
32135
28739
39905
41912
23054
34228
25484
31994
45619
29038
48387
30200
22444
27560
27447
39806
40431
23228
38121
24548
30161
40657
32639
47488
33715
27692
22372
26477
38193
36289
33204
33560
28220
29866
29366
39929
43500
34876
38792
17054
25214
37107
32100
38330
35630
28667
30243
22083
40802
42615
34440
44821
20827
26323
30194
28854
38478
40343
26627
34313
21554
37278
40621
32879
45984
27685
28255
24678
28123
38830
39502
29163
33484
23169
34248
33458
40023
41196
34739
34853
16612
28476
35345
37364
37922
26962
31463
31722
23185
46903
35051
40469
41334
12097
29133
32428
34586
39507
29954
33851
31325
19101
45581
34752
40487
43722
17164
29899
27568
33051
36406
36862
31545
32522
19899
39398
34723
42089
39618
30324
28445
22224
32889
32504
39575
35460
28556
26346
32460
31207
46623
31635
41114
31840
17084
32828
28478
40678
40671
21073
36608
26657
25287
50955
26125
48519
35854
15355
31047
25806
39942
38192
26566
37834
27714
23300
44267
30787
46387
37199
23838
25984
24937
38822
34053
35024
33504
30244
25514
32960
36711
45229
34137
38093
20872
24591
36572
28500
39354
37017
27983
30840
25641
35942
46682
28064
47030
23223
24767
32550
25536
42369
38695
23084
36612
22407
33900
44564
29720
49064
28644
25457
25187
26663
41144
37039
29344
34316
25395
30844
36085
37469
44272
33852
33723
16410
27604
38722
35291
36284
29373
31257
30090
24527
43999
41386
35003
43771
11740
28484
35740
29941
39570
34933
29097
32866
18825
42161
42468
32326
49192
16875
29016
28800
27008
41398
37943
27768
34559
19843
36845
38361
35948
46105
27883
31460
19066
29472
37456
37818
35089
27870
28495
32049
28895
45010
36988
37847
37867
10524
31403
33697
38145
38063
24925
35761
29555
20472
48546
36175
38780
44310
8780
31818
31287
33061
39558
32198
32240
32009
16736
44444
37857
38140
45656
19103
30626
22676
32000
37081
38023
33640
29449
23029
34881
33484
44487
37995
34382
32146
13967
33842
31181
41378
38714
22006
33365
29233
25029
49765
33692
42715
38017
8135
32391
30141
39691
37965
27615
35917
27492
19852
46456
37582
40164
44958
12672
31171
26156
33444
38579
34653
33946
29755
20521
38137
36284
43510
39424
30453
28126
17954
35043
32007
40700
37006
24283
30401
28951
30384
49310
32491
43114
33481
10141
32187
31162
40906
38709
25184
35552
27958
20318
48419
37683
38519
46304
7634
33102
28761
32082
40816
31998
33790
30088
18484
41887
38337
39746
43075
23454
30197
18574
33813
36281
39072
35869
24751
28129
30913
32589
46747
36631
37918
34580
9402
31309
36671
37115
39438
25283
32399
31401
19512
49076
41834
31280
50171
2615
32716
34613
25343
46097
31845
30789
31304
18005
42435
42457
32652
48156
22476
27660
21548
29699
42583
35846
33815
27304
27626
30539
36149
42069
42679
33079
32774
16119
26359
44254
32228
39194
29067
28895
31228
20613
45836
48966
25050
48327
11555
24640
38459
21746
49377
34081
24878
33465
21754
36036
47826
29340
48226
27988
17257
27766
28077
44512
36713
30515
31250
27468
25636
40218
38959
44149
35664
25009
23310
20714
44534
29363
39296
35037
24796
30316
27193
38505
51433
25119
43286
25101
12996
38676
27514
45994
36218
23041
31801
30550
25114
51857
35128
37162
43278
5373
37848
28686
36530
40744
30462
33911
26833
21456
41673
43321
36460
42997
20394
29987
16987
35645
40043
36529
36185
22250
31459
30248
33480
46970
40056
29810
37393
12889
30915
42926
29978
41774
28687
29746
30640
20922
45710
51197
21150
48668
16087
20404
35862
24563
51447
31254
26725
31950
26861
28663
49540
34719
42128
34060
17004
30079
26010
42147
36229
34842
32860
25705
26248
34994
40348
46749
31622
30583
28795
12098
39736
33116
41372
38046
19683
33640
31989
25356
52659
38183
29182
43325
4642
33850
38015
27961
47133
28679
28478
33821
18399
43321
50091
25308
46279
21781
20648
28793
28134
48406
33231
30090
30337
28938
27880
40319
41019
43444
30427
23936
24014
22334
43719
29526
43306
33431
19468
35318
27613
32471
57365
24978
36280
34371
2090
41917
33122
37865
43297
21314
31174
37099
14859
49363
49140
22775
47902
8806
30249
29263
27259
52578
28754
30571
29340
27051
31015
45738
39194
41665
28534
20601
25633
25162
44778
33301
39724
30288
22371
34098
25567
42546
52304
26439
34070
29346
6729
43515
30377
42033
43513
14336
35984
33655
19397
48831
49062
23906
43038
9849
29784
33824
23890
57935
24343
28787
30411
26670
33144
44998
41107
37926
31610
15600
32296
23967
43283
37434
34887
32518
22117
33116
28927
42672
47436
31133
30683
28899
11679
40976
33327
38347
45267
12548
36855
34312
19462
48002
49983
21307
43716
12159
24759
41051
16684
60366
27933
19839
38031
27716
29486
44922
42350
34102
35872
11524
38575
24369
35053
44533
28835
34461
19976
33733
34041
38655
46258
35673
28237
24597
20992
32224
43567
27427
49588
21895
24196
37027
24293
43465
48683
28945
35989
26277
6986
47846
26911
39036
49602
11187
38767
28949
23221
46747
44135
31628
40859
15518
21708
36642
23321
51985
33374
28000
31522
26611
32468
36031
43207
40255
32385
23688
24238
23017
39446
36076
38701
39578
13168
39004
32315
26902
49222
39187
26906
38921
12902
27236
45760
17487
54759
31400
12959
45205
25228
30844
46278
38229
29631
40905
6810
35054
35519
22978
54066
24824
28300
30846
30038
35501
37225
41860
34339
31513
20550
29737
25660
40263
35148
39306
34396
14827
39980
34175
29964
48051
35502
24722
37791
14907
30851
44307
21994
53629
30643
15679
39319
32868
28083
46906
38482
26170
41159
8647
32495
38455
26149
52164
29390
26460
30394
31707
32319
39089
42414
32222
33281
22101
25681
29265
36906
42394
32792
38286
22211
29634
35924
33214
40275
40692
30128
28235
28086
15574
41834
41774
29377
45722
24993
23439
35297
35917
32008
45993
32081
30102
32359
9783
41489
36657
32187
46237
30111
24290
30248
35445
29686
45099
37365
31037
31400
17140
32364
29632
41582
39144
36447
32818
19885
32736
36826
35668
37799
41119
26275
27061
27649
19880
45044
37490
37091
40623
22629
20370
43677
32617
29272
50840
27403
29702
30330
13454
40915
37673
36700
41703
30578
20899
32423
38246
26760
46557
38132
27375
31538
16682
34707
30200
41709
40281
35690
30695
21182
32767
34797
37422
38730
39813
25110
25402
30208
18742
44311
39807
38430
39442
22335
19194
41566
37287
24599
51696
32831
23327
33532
12338
39944
38063
34554
48907
28390
20327
29868
37734
27141
44115
43415
24728
34432
17889
30065
30649
38330
46520
36103
32004
18728
31230
35428
34456
37009
43012
31962
22890
29195
19268
33488
49907
31103
46449
28318
14295
35940
34701
30088
45550
42826
19028
37311
19401
21371
45991
31685
48102
39048
20825
20934
35648
34523
30352
49728
33737
28840
31953
12969
37112
32659
43895
42538
34057
28101
17211
34416
34147
35612
45383
36154
26767
25023
29648
17898
43431
45382
34119
44507
17864
17786
40687
33065
29979
50180
37676
21185
35603
13762
28569
47070
30846
50727
35517
17588
20510
38745
32877
32167
52127
30248
26773
33920
13852
38125
35110
43379
40654
33972
28035
15467
36403
35754
34614
42743
38239
26636
26197
29769
19188
41258
48738
28852
45506
23963
13597
38063
37696
29346
45864
43172
16667
36012
24554
13613
52601
35659
39272
42458
22246
14986
39620
34106
28934
48205
39617
24783
33869
17496
25500
36924
43022
43205
36044
31431
14884
28842
36788
35662
37436
46344
31742
24060
26815
21250
26128
54221
36235
39947
33853
18725
18651
40845
38088
28401
52564
32872
23073
37099
6778
32638
50774
32843
47229
31895
21684
15885
39198
36584
29561
51792
36886
24196
34005
11828
32764
36514
45610
41746
32513
30781
13019
32286
36866
36413
38246
45159
32777
22926
26007
22101
27602
53218
38376
38047
32629
18646
19667
38444
41664
27711
47962
42026
19867
31585
17724
23843
48568
40766
39527
35729
27249
11861
35801
39046
29535
41968
49568
23747
32400
19087
22125
35110
43297
45197
35243
33677
19148
20361
36539
37585
33710
43355
42642
26930
21771
29230
18115
42479
48155
34836
38984
27869
16074
27684
40383
33429
31199
53842
34696
21565
29812
16455
32550
45500
41521
38715
34870
20372
18890
38375
33576
30761
44643
47241
26105
28915
20149
25815
34211
44938
43109
34800
32367
19410
23902
34448
37279
31706
43898
44612
29320
20164
28862
20308
39056
46411
38656
36561
31135
17424
26729
38174
31182
29500
54781
40231
22558
28731
19474
27172
42007
41344
40718
37603
25232
20344
31729
31987
29299
39219
52174
32623
30910
22178
21019
30055
38715
45023
39063
36178
26709
19616
30855
33806
28380
38030
51985
38146
21888
30200
19068
22340
48049
39757
39882
37508
28313
16492
33602
30006
28482
40878
55017
32566
24217
31638
13907
30978
42882
39932
37174
41079
25466
22535
30123
28693
28356
40943
53581
33087
31445
21541
21679
29032
39153
42320
36108
40010
30017
19476
30267
31605
27602
36000
52490
41042
22633
30222
21495
22174
46334
35948
33651
43336
35662
15286
31661
32853
24188
33504
52125
47166
20415
34252
19049
22053
42098
36232
37197
40228
39260
19182
26417
28859
30456
30176
48298
48883
28565
28787
21973
25669
28375
42811
37187
36417
42853
30924
16353
28499
30676
27404
42478
54007
36493
23466
30544
18734
23811
44624
35509
36263
45859
36328
14935
26491
29047
29404
34374
54057
43495
26224
32100
16901
24500
36491
37009
37644
42136
42613
22778
20902
26592
29818
31724
43749
51348
34148
31296
21490
21798
23864
41534
42733
33685
43644
36894
17551
20765
34271
30513
33681
47064
46671
33947
22809
28640
9645
38506
45157
35614
41884
38920
29147
12352
32624
27709
35476
39121
49152
42187
25787
29914
11416
25716
38185
45938
43643
33586
39708
18531
19186
26138
37188
35854
42955
46245
39005
25659
19362
22786
17753
45762
54045
36531
35592
33930
18016
11806
36638
35400
40648
44546
43879
35944
18253
29322
11511
26563
49981
52822
35732
37530
27870
11879
18523
32930
43415
39201
45914
41253
31889
24541
20394
18978
25927
46259
57055
39531
31316
25979
15006
16675
31411
47002
43135
39951
39650
36435
21544
20807
24252
16285
51209
60918
35356
31873
23349
18588
16779
32172
47227
39098
41619
38927
38700
20197
23440
19257
22867
48741
53586
44642
30290
20304
20853
17637
32805
41501
42284
42058
35367
39495
26918
21845
17754
26374
36020
56526
50489
31130
20724
19795
22552
29029
35825
46168
37420
38246
36135
36070
25955
11870
27481
29031
51391
55030
37120
24590
16767
24806
27531
30496
44641
37459
39813
35414
38084
31400
15456
23828
24836
43048
50311
49022
33292
16230
20822
27204
30101
35746
38706
42388
37470
35626
34842
27964
15782
19847
37561
44755
53139
39688
29150
13714
24558
32100
30073
35270
41029
40262
38363
33010
33791
26574
11895
29733
38310
49684
45182
38096
25077
17525
25124
32153
35987
31334
41140
38610
39903
31185
31856
25657
20176
23485
42706
50093
41446
37165
22728
20317
25997
34606
36461
33745
32609
41758
39651
31322
29128
29738
21752
22765
43684
46050
44268
32382
26440
20447
24831
38138
36994
31790
31085
38793
40769
31703
29781
30409
26313
24722
35336
44693
45391
34316
28035
21541
25448
34634
39311
35061
29757
30945
38829
39175
30100
28041
30494
30628
26887
40927
44155
38580
27544
24630
26728
31878
39969
36110
32508
22921
35271
41763
36453
27528
31579
31741
25889
34741
39755
43139
33168
27026
27074
26321
37643
37603
36196
28318
26805
35010
38543
37228
28510
31954
30914
31684
31796
38984
39057
34013
27248
26984
32041
34072
39571
32816
30781
26766
30339
43183
34519
30331
30601
35955
28157
31202
38095
37888
35647
25204
30710
30003
37250
35793
34605
32228
24765
28015
39032
38298
36249
32234
33970
27768
28617
32941
38205
37524
33884
28572
29163
33099
35123
34948
34204
28806
25321
31192
43416
40520
31652
29790
29307
30496
29915
37846
39291
37818
26821
27959
30477
33459
35395
37600
35900
25033
24385
36325
40521
36318
33686
32713
30633
27724
32825
34776
38690
33797
31773
28650
29833
33475
34958
39404
32937
26368
24483
34950
41226
38473
33056
32511
27853
31222
31009
35846
36590
34476
32084
29264
29808
32950
34875
39487
34991
22596
26538
34851
40786
38159
35965
29929
31249
25900
31497
37145
35015
37859
31372
31279
27452
30647
35190
40044
34346
27606
26376
31338
38837
39716
37739
31499
27960
27353
30204
35005
38325
37335
35565
29578
25313
29073
32846
38598
40122
34197
24646
27431
32778
40025
37670
34885
31967
28943
27309
31386
36506
38856
37466
30407
27785
25510
31337
36766
41985
38685
27827
24441
27723
34479
39392
41272
34533
30744
26109
29042
30802
38116
39142
35214
30613
25714
26618
32425
40515
39528
38127
28156
21732
28638
34270
42860
39725
35230
28867
29351
22931
32452
40234
38617
36356
27157
28307
24671
35584
39564
41455
35995
23984
25550
26492
39607
41457
40452
32026
27643
27642
25820
34890
37786
41828
32304
29352
24884
27726
33930
38707
42793
36356
29189
20101
30147
33729
41935
41108
33547
26928
26719
32597
27818
40607
40274
36240
26369
22333
30782
30481
41541
41899
39666
29696
20954
27093
31705
41329
38023
37435
28749
30515
29868
31343
33836
36823
36783
30595
27260
27457
32361
37102
40247
38457
33569
26127
24161
30588
38191
39346
36716
30837
29062
31561
34777
28320
34159
38977
34971
25719
28495
31565
35018
36293
38765
39424
29966
23632
27916
33229
37261
37247
36644
31321
29831
32897
30826
31231
33711
38814
33322
28711
27823
30513
36181
36821
38312
36078
32680
25977
25270
32037
38369
37134
36551
32814
30361
28016
34875
31529
33434
35770
33435
30287
28332
32893
36636
35212
36405
34349
35453
25516
25726
32811
35424
38033
37630
35412
26273
28389
33614
35110
35348
33056
32503
30712
28724
31559
34835
38199
36662
34419
34987
29296
25624
27659
35123
36807
37091
38225
32024
26857
27872
36243
35658
33512
31112
33107
32898
27872
31586
36693
39225
33870
33171
35044
28620
24422
31323
33360
37830
38223
37634
30662
25571
31814
32705
37797
32588
32641
31649
30420
32409
31570
35207
35576
36150
35084
33953
30085
24246
28291
32382
38415
40025
40107
31652
22446
27862
36554
39290
32476
31548
29781
33330
30936
32915
32837
34657
36420
36578
38658
27744
22341
25900
32753
38918
40810
40382
32251
24482
27683
35369
37878
33550
28680
30712
33412
32856
35310
30946
33891
33087
37613
37322
32914
25641
22057
30983
36548
40451
39459
35838
29636
25585
30568
38030
36233
30171
27912
30308
39716
33218
33340
30431
32376
34454
34871
41510
29039
21680
26891
32820
37882
38881
40348
32576
28942
26251
36010
35154
33505
28681
29460
35605
36050
36337
29783
30376
30209
35229
38420
38085
30173
22312
27267
32579
39637
37129
37972
34040
28941
31819
32320
35131
29149
30139
31339
36602
38367
34597
31265
25949
28982
34127
41893
37487
32601
26612
22952
30270
34977
40307
39475
34395
33300
29878
31389
30982
30486
31801
31078
35424
36644
37069
33333
28141
27861
30019
38064
38788
36828
29625
26025
26618
32728
38443
37423
35737
33061
32846
33897
31452
31311
29046
30025
33070
33711
40787
35367
31427
29041
27065
31450
36657
39757
35587
30330
27749
26077
31892
36904
38226
36167
32793
34031
33723
31679
29038
28506
31189
32690
36927
37767
35871
32508
26629
29631
29792
36420
36831
38351
32890
27574
26900
28609
35685
38144
38995
33059
31330
34019
32491
29547
28554
31806
32389
37647
35045
36168
32683
27998
30779
28501
35483
35407
38762
34807
29007
27489
27824
32437
36511
40795
36855
31276
29110
32150
33391
30787
29768
32554
36589
34098
34577
32871
32943
28643
30095
32504
33819
37703
36562
34917
28226
24884
29994
32953
38764
40274
37041
28990
28579
29675
34006
33471
31325
36154
32650
33375
32512
31705
33730
30825
32380
31832
33064
35261
35324
35843
30896
27783
27395
32796
36800
39134
36798
32392
27964
29299
33616
34884
33239
32060
33630
33260
31554
32187
32951
34034
32441
30875
31394
32473
35813
36586
36104
30611
25437
29475
32167
37429
39514
35604
32326
27877
30158
32176
34741
34084
33644
34010
31683
31460
30847
32534
33945
34079
33346
30733
32921
33214
35815
35286
33205
28105
27705
33472
35942
36787
35695
33022
30830
28712
31857
34568
34604
32777
34353
32438
29428
32733
32066
34205
34497
31119
32621
31992
34015
35664
35070
34543
28172
27578
31332
35108
37319
36410
34328
31460
27908
29602
32467
37000
35862
34628
30302
30448
29689
31100
35382
35223
33582
33219
30618
34169
31934
34531
35410
33375
31905
25946
32195
33842
35579
38526
34013
31830
26087
30588
34141
37761
35120
32131
28955
29759
30347
34412
36608
35287
33051
30846
32024
31838
33542
34434
35326
34822
30455
28174
28888
34417
36924
38021
35503
30882
26407
28195
33281
38609
37530
32921
29117
26951
29962
34681
36797
38776
31616
30116
29712
32797
35712
32989
35261
33294
32069
31021
28059
32917
33979
36521
37318
33524
30724
25793
29966
34812
38986
36240
30829
27486
28166
31870
36284
39057
36492
30334
28746
30872
32912
34934
34094
34476
33667
33102
30842
28147
30334
35187
38054
37424
33671
27645
26823
29991
36101
40253
35831
29835
25987
29240
33129
36816
37638
35316
31934
29041
31092
32617
34460
33249
33312
34445
34108
32391
29403
29060
32246
35937
38943
35753
31337
26125
27611
32237
37538
40549
35225
26402
25524
30742
36355
38076
36288
33348
32440
28081
31221
33623
31981
33434
34628
37519
35840
28420
28267
26136
34106
39145
40488
35476
27163
25862
27989
33002
39048
39951
34336
27119
26210
31280
35570
37468
35145
33143
31617
31157
32258
31353
33453
30950
34251
36495
35419
33644
27944
27116
31280
36736
38772
35553
31931
27827
28515
31145
34688
38360
37588
31220
27219
29185
33549
35650
33907
34528
33008
34105
31508
31791
31232
30629
32437
35288
37926
36017
30780
26702
27024
32611
38180
39664
35277
30156
26303
28763
32036
36136
38575
37402
31863
26528
28117
33974
35960
35545
32281
32358
33417
32362
34154
31976
31331
31220
32443
37346
35241
33108
30258
28521
31058
33739
37366
36113
32406
30834
30189
31045
32051
34128
36030
36084
32802
29522
29990
32111
34681
34282
33841
32463
32771
33302
32792
32495
31005
32570
33209
34994
34908
32861
31513
28865
30189
33379
36694
37188
33438
30652
30118
30291
31761
34268
35753
35810
31764
30345
31426
32845
34615
34096
32512
30470
33134
33801
34500
33673
32119
31136
30965
32497
34608
35845
34626
30859
28117
29784
33759
36627
36330
33489
31650
31111
31239
31577
32187
33525
34910
34723
32351
30821
33163
33080
32074
32683
32347
33658
33329
33350
33147
32619
31776
31479
32102
33895
35048
34342
32687
29105
29076
31769
36324
37019
35368
32061
30173
29421
31332
33309
35349
34605
33113
31492
32298
32612
33192
32771
32808
32324
32669
33560
32324
33566
33571
32864
32520
31278
31763
33485
34518
33986
33017
30855
29055
31242
35093
37151
37004
31503
29503
29068
31518
34721
34993
34295
32383
31842
32848
32227
32972
32641
32889
32925
33142
33348
32551
31990
32081
34278
34366
33323
30889
30186
33058
34194
35029
34582
30067
28054
30299
35637
39628
36400
31476
26812
28197
32695
35738
36810
33973
31268
31460
31895
32120
32873
33568
33882
33914
32373
31111
31093
32359
34295
35311
34854
32105
30382
30012
32171
33810
35297
34480
32442
30256
29804
32159
35928
36342
34450
30535
29080
30566
33883
35754
34864
32305
30631
31480
33915
34104
32314
31815
32016
33809
34301
31809
31603
31818
33073
34742
34899
34344
30833
29011
30759
32880
36584
35560
33322
30404
29118
31080
34007
36516
36011
32529
29954
29496
31997
34272
35040
34157
32654
32517
32064
32175
32022
32123
32314
33402
33983
34657
32900
30260
30951
32523
35117
36052
33673
31066
30290
29478
32708
34870
36863
34923
30744
29671
30398
32762
35298
35099
34442
32026
30847
31274
33088
34132
33469
32955
32267
32986
32883
32340
31589
32067
32727
33899
34372
33777
32949
30618
30756
32500
34980
36358
34159
30847
29820
30164
32259
34833
35670
35449
31624
29417
31219
32837
34955
34068
33142
32579
32104
32150
32305
33444
32914
33378
32537
32699
32185
32668
32749
33089
33091
32922
32652
32576
32604
32770
32930
32907
32866
32776
32662
32696
32692
32819
32800
32795
32769
32758
32748
32762
32775
32805
32808
32806
32831
32768
32808
32780
32774
32774
32790
32806
32779
32798
32754
32751
32738
32796
32781
32782
32786
32790
32826
32826
32831
32793
32805
32823
32816
32848
32851
32807
32736
32739
32781
32830
32829
32825
32797
32772
32812
32772
32792
32845
32843
32795
32731
32729
32739
32749
32772
32789
32767
32815
32814
32780
32749
32777
32759
32772
32772
32747
32821
32781
32765
32776
32769
32813
32806
32806
32796
32790
32774
32736
32761
32763
32715
32709
32717
32747
32783
32826
32779
32756
32744
32760
32781
32800
32755
32785
32800
32762
32747
32757
32774
32801
32790
32797
32804
32796
32804
32772
32822
32798
32803
32794
32774
32781
32762
32747
32787
32722
32741
32741
32794
32767
32739
32731
32745
32745
32794
32753
32743
32780
32766
32781
32814
32776
32758
32719
32766
32761
32740
32723
32721
32746
32748
32752
32768
32764
32746
32698
32741
32781
32755
32716
32709
32727
32711
32751
32769
32743
32761
32715
32762
32730
32745
32790
32761
32806
32801
32788
32806
32811
32807
32786
32755
32771
32776
32767
32786
32741
32695
32698
32763
32780
32763
32782
32733
32771
32783
32822
32820
32793
32826
32786
32757
32738
32744
32714
32743
32744
32786
32807
32787
32781
32779
32769
32756
32747
32748
32759
32796
32794
32766
32755
32756
32755
