:020000040000FA
:100000007B906E8D895995816C985A89A25681870B
:10001000748D72807E877C737C828F6B8188847CF8
:100020006E91826D7D93805D94955E7F917B7687E6
:100030007D777F7F895984B44783956C95648196D9
:10004000638395666CAA617D837F885D9E745F9FE4
:100050007B757284A056838C7D837C82817B7B9AA6
:100060005B87B14D8594759053AC7B5C98856A75C0
:10007000986E7C7D76965F858E589373826A7EA893
:100080005D758D837B6AA06D8788806E7BA94C909F
:100090009962A8579783539E7A7B79907B72798176
:1000A0009254A4864BB26D74747AB14983907B8864
:1000B000639873778A7D786DA7617A7F7A9C47B958
:1000C0006F6B96707A71977E7C827F8E678A7F696C
:1000D000A8707E7D769961758E7C7A6EA957828232
:1000E000797773A75C868B668F67997D61A7717935
:1000F000797F93726F8E9554918E53A9678B757A21
:10010000A552888E6B87728A83747F85845EA07BFC
:100110007185808757B06263B6647A8188835C9604
:100120007089757A8F6E9368957466B55F719A7FE2
:100130006B76A75C7E997682699E6B6E9256AD68EF
:1001400081846E95668D67809B627A8C9152988DC2
:1001500057AF6F7D837498598996628F7E876A85C1
:1001600077868653AF716C80818F5CA57368A16BB5
:1001700079719588648B85836B88817291609E7894
:100180005BB45C808C798176916C7E8E7E746FA47A
:100190007072966B90747F79799166926E7F995C9C
:1001A0008882846784965D8A82866576A8588A905C
:1001B000678C787F758381838E57A77E678D719C4E
:1001C000628295668386796D928C55A47277867467
:1001D0008D6F8C77878660A86A7A886F95668A8724
:1001E00063928D6476A76768996B8A786F9B648B3E
:1001F000807A85758B7B777E8C7765A86C6E9B7D0E
:1002000069779E62798A62A2658383718A806E7E35
:10021000986A868565B1626BB4626EAB587F8B85D8
:100220006494757A8866A263729F69837885857CF9
:100230007182A0568D9F508F9363799872788870E1
:100240008D726CAD53869B55A06A779A706B9F7FB9
:100250005EAB6669A56C7C788B8E608A8879758ABE
:100260008164987371916D8A85727C94676CB152C8
:100270007A9D658767928867858C668A9162889582
:100280005E9E716FAB5D7F8B83737995677B877F94
:100290007776A16375956A797F965C92905BA05F93
:1002A00085985F8E876D827D82728383905C86A93C
:1002B00039949759907E8E73877D788A669D7C6F7E
:1002C0008F77846A927E70927C8A5896933DAA7C3E
:1002D0006D927D787C8F699368839E4E9C78768D35
:1002E0005EA76F6E99855D7D9F5F808C797E779B21
:1002F0006670A15E916A82A14D937C7687659B733F
:1003000078828E5C80B635AF875FA4569F6B6D9AFE
:100310006F8283837485767E905E9A81619C7981F9
:100320006097974F9B8A6A8D7A8B688488836E86E4
:10033000964EA06B749F4AA97A5F94767177A174E8
:100340007880847C67A06C6BA66A867B7E945799C4
:1003500073798E5F9D72748A8E607FA74F94886BCD
:100360008F5BB36465B65F828081857381769262AC
:100370008C8D5E937E846E79AA48918A6C82769A7F
:100380006778A06B78887F73946F759D53A1825AAC
:10039000A5796F7B89826A80897D649F775CA0756F
:1003A0007C7987826E8D797C866F9C7070937E726B
:1003B00069A2737489788857B3645FB6577E8B706F
:1003C0008D757C7A99618B8F5CA06B8387639F6F3F
:1003D000749A757870B4329C8B6B8179926992793A
:1003E00072A452A86D6BA85D97638A90707F858018
:1003F00053A1854CAD67848561A262917A7D7B7F34
:10040000905CA065918B4EB57373857E8957B4520D
:1004100078AA5691709374738F7486649C776B9FDF
:100420005BA5775AB2686C9F6B75908469838C7FEB
:100430007D649C7A5FA0608B81768778876D9B6BEB
:1004400072A560808F7667988064977690726E9CB4
:100450006A7A9564819B62888768967764A07764DE
:1004600092737F78839267828C76728B8666968190
:100470007087827F777E77917C5DA47565956F83A9
:100480008A7198628196607EA0677F9B66838B6687
:100490009775709D6D837683777F8276827E8E6D71
:1004A00074967E6C799F6C73A15C918369956C7B6B
:1004B00093677D9065956F857774729D6575A76C60
:1004C00069AA45B44CA460977A788E5BB54BB14B62
:1004D000B15B9172837C866DA1697E944EA66A9011
:1004E00058B652A267898C5D878C6C8C7F60AD5248
:1004F000976D8871A65F7D87787B76917A827890F8
:1005000056AA4AB6529A7E6D98658B7C8B649E641F
:1005100088827A6AB553A462848D51A6628B749ADC
:100520005A9B7474847F6C9A5E907A71895FBA4525
:100530009C7C836A89748A748F787A8782736CABA7
:1005400047B3548D9160838A7084807C81748B72F0
:100550008271A24EAA766B9C639D589576857E7BB0
:100560007394688F708C7290746EA357A5539C829D
:100570006595866592787D8179847E8764A05A9C92
:10058000658C7C7295776B95757A7C7E9062A25EA5
:1005900091708F6E7F9A5AA860858F5F93816FA448
:1005A00049C331B945B050A289668C875E966A9D71
:1005B00065907A8A669463A756A755AB44AD539964
:1005C0006C927881739F479D7B798A6796639C695B
:1005D000927580896A95707A867582945D9F717C28
:1005E0006B8E7A6C9B6A9461A55399639A63A45746
:1005F000B249A5608C83779776728782736CA75C0B
:10060000987B7D798369A13ECB40BC45B547AA5410
:10061000A06697699C6392708D6A86896C868668ED
:100620008B6CA0609969A34DA7559F5CAC4FB849EE
:10063000A36F7A789568818A787B768E727D828BBB
:10064000698A806A8E6E9662A45D9D64906A9756F0
:10065000A075837A8585699D5EA05DA4677F82937E
:100660005AA66880817985777E729E5C94728A75BD
:1006700079887284778C6696689A648F8652BA3CC1
:10068000B65D80A242CF19E128B86F66B22FE21D95
:10069000D93AA57061CE11F909E335A97662B72F71
:1006A000DB22CB54809543DA19E31FC35580A93070
:1006B000DB1BE924B96F57CB1FF10DDD2FB06D7136
:1006C000B42EE01CD14B908C57B238D921C4587C41
:1006D000A241D414E231B36273AC2EE41BE22FAA20
:1006E0006F67B32CDD22CE47AB5C868D55B64EAF1F
:1006F00058878A62A749C32AD73EA6765EB242BC13
:1007000045B657869B45C724DF20CB509873789019
:10071000609A707F81749D4EB934C544A86993690D
:10072000829259A7638C8956C034C637BB3DBF5AE5
:10073000957A73926A8A72897E71985EA64BC036EA
:10074000C24E9A687899589E6A8A7A76A038DB12E7
:10075000DD38AC74759362A94BB15699746EAC4494
:10076000B04BB93EBE548F7E6BA444B846A571739E
:10077000A643BD37C445A07D5FBB27ED19C5558F86
:100780008471A538D02BC54D919055B53CC82EC568
:1007900041AC6F6EAE3DBF4AA76877A83AD720D963
:1007A0001EC75A81A240CE25C5499B7B63B235E066
:1007B00014E522B46C79985CB345AF5F8B8F47D357
:1007C00018F314CA49918F4FCB1EDE25BB6870AF5A
:1007D00020FA01F120C24D8C914EC431C8439C8A4D
:1007E00052BA30DA28D13EA57A57CE20E020CC4F3D
:1007F000879B40D019F413D7488B914ECC26D33326
:10080000B7687D984BC32AD23F9A8255BD2DE01818
:10081000D03FA57958CB15E920D04C918C52CC20F3
:10082000E41BCB4B978857B93DB74EA27465AD3BDF
:10083000D624DB29AF726CAE35D124D536AF7059D2
:10084000C722E911DF35A47477A245C33AAF6973B3
:100850009B47C831C93FAC6A7CA349C829D63CA98B
:10086000746DAA34E11EDA26BF507CAB3CC335C59B
:10087000489F6E6F9D42C041B25B869250C330CD9F
:100880002CCF49908A5CB238D82DBC5E889355BF76
:100890002CD725D242A2746F9459A5638A767C9E88
:1008A00044CE23CA3CB8598F8461A349B94C9A7C81
:1008B0006CAC37D61DE220DE419A6F80895EA75E60
:1008C00090866CA04CB936C435CB45997C61AA4A58
:1008D000AD59947B72AC29E707E92BCB4892846031
:1008E000A14ABF469E7878A146C62AD733BE5B840C
:1008F0008E5DB333D23C9F845CBC24DF1AD43DB1FF
:100900006968BD27E31FC648A07B69A731D924C306
:100910004F987E56BF31D223CD439A9053C027DCE7
:1009200024C8696EAD33EB17E41EBF5880A443C5DD
:1009300027C6449D816CA23DE115DC28B36B7AA2E9
:100940004CBD36BD5489933FD5130007D2439791D0
:100950004ACD24CB39BE5F71AC20EC12ED24BC54DF
:100960008C8759C530C94C9C8E45CA1CE915F127A6
:10097000A87A53C719ED16D0587DA32AEB0AF119AE
:10098000D7488D9150C526C84A9E7E729F41CD237F
:10099000D33FA1795EC034D025CF3AA58157C31883
:1009A000E820CC47978158C632C534BE5889965343
:1009B000B73DBF4C98766DA148D024DA27B66F6E4C
:1009C000AF3DC92BDA32AD6A6BB42DE01EC843A22D
:1009D0007373A447B64BAB66779454BD3AC740A433
:1009E00064908460B538CA38BE5E7A9B4EBB37CF00
:1009F0002ABE528E8F51B347AF5C9773709B5BAE2C
:100A00004DB05D89886A9E4DB447AF5A986E749A0E
:100A100052BC3DB750967C769259B049B450A26E04
:100A200073946B8F738B727F8D679E4FB250A75DEF
:100A30009474759663A250A960868467A643C63DE8
:100A4000BB4CA25B8C826F97649377788F66995BBF
:100A5000AE52B1569971739C5F985F9C67828F56B6
:100A6000B13AD52BC945A26C7A965BA754AA5D8E84
:100A70007F67A541C843A95D90776FA548B64BAB8A
:100A80006D769A46C535D535B95885954CC132C570
:100A90003ABB5A838F4EB740C43FA77373A348C86D
:100AA00030C648AA6D70A338D02DCB4E8A905ABC60
:100AB00026E410DA3AAB725FB436C839B759859775
:100AC00049D01BE21BD14B9A864BC133C744A77256
:100AD00063C226EF00ED21BF6A74A23FCF24D14547
:100AE000968C48D222E40EE52BB4706AAF31DA2D31
:100AF000B9617BA339E809EF12CD4E879B3DD8172A
:100B0000DF3CA47369B435E50FE721C36076AA3CE6
:100B1000C72DD23BAA6F5FC42AE01EC949958D48F4
:100B2000CD19E522CE537BA241D21DE127B86184C5
:100B3000984DC623DD2DBA62749D50BE35C242A2C7
:100B40007766BF19E61CCE51957F5DBF2BDE27C4AB
:100B50004E8A964FC621DD28CC40A0766AAA45C1B0
:100B600039B36073B140C32BD72DBD5B7DA636DB97
:100B700028C8449A7E68AF33DD15E13BA26F7A8CBA
:100B80005BAE4FAB579777779A53B147B35E908080
:100B900063AB47C33AB94C959046C630C243B4598B
:100BA00097786BA443C639AE619A72847D709A536C
:100BB000A76C7F8567A448B84B9F678D8564A54760
:100BC000B54CAE687B9C51BA3ABC39C43BB36B7729
:100BD000975D9C639C66877D74A044C53AAF668A26
:100BE00085679F4CB34BA36D73A14BC924D432B31B
:100BF0005B9C7A6AA351B93DB7588A925BAE4CB1FF
:100C000049B058938C50BC3CBE4A987868AB4DC6EE
:100C100023D134AA7270A838DA20D632B15E7E9819
:100C200051C428CB479C7F61B436D336C63CA776E7
:100C30005DC52ECC38B2637C9C40D40EFA13D83DEF
:100C4000948A57C036C835B76773A53BD517EF22CE
:100C5000BD5B7C9B4CC036BF489E864FCE0DFC06CC
:100C6000EC2FAA657BAB2DE021C84D939443CD18A2
:100C7000E817DB3A9B7F5DBE33C93DAB6F70B4278D
:100C8000DC1BE523C95776AB37D81DD53AA5796B60
:100C9000B323EB10ED2FA87862B33CCF21CB4A955C
:100CA0008A56C21EDD2FC2548A914ACD26D825C24B
:100CB00059869A3DD21AD938B45E82A138DA1EDC40
:100CC00028B86D76A048BA39C64B968557C22DD93B
:100CD00027C544A08161AD3CC92DBF5B858D52C83D
:100CE00024DF20C841AD736CA941C044A66E7D9538
:100CF00055BE35C639B05F849A4DB148B250A07523
:100D00006CA844CD27D133B460889059AF44BD4519
:100D1000AC6777935DB43FAD5F9477819352B24BEC
:100D2000AE588E8068A451B83FB947A66D75A541ED
:100D3000BF3BC935B161868A63A748B055957B70C2
:100D40009854A954AB5896717C935EA94F9E6C8CB5
:100D50007B71A33FD32AD32CBF5D83915AB239C292
:100D600045AD68779B4FB743B6499C777A8D64A6AB
:100D700048AC6189845FB13CCA36C83EA76F70B386
:100D80002CD923D441A76C74AC40CA33C4469B828F
:100D900061AF45BA3EB85988805BB13FCC38B06589
:100DA00079AB39CD1DED18D74691884ECB2BD03B72
:100DB000AE61849B44C728D43CAD687A9151B74951
:100DC000AD5B928759C021DE1BDC38B17268A84048
:100DD000CC26C745978D4DC721DA29CF46A37A681F
:100DE000AD44C0439F7972A446C423D535BC5B8112
:100DF0009D46CC28D331AE6979A33AD518DB31B9F9
:100E0000676CAE3DC738BC489B835FBD2DD32EBDFC
:100E10005F869253C52DDA25C84B89994BC428D8D3
:100E20002CBF627A9548CE20D92FB4637BA249B9F2
:100E30003FB656947F61B42BE420CA449D6D7AA4DA
:100E400043C52FCB49958C50C528E01FD636A576D3
:100E50006BAF40B844AB6D6FA838CC31D12DB958C9
:100E60008C8E57BE37BD549876729F41D01FE525B2
:100E7000B463848C5CAE48AD579C766CAB41C54086
:100E8000BA4A9D7677975AAA4CAA5A957E5CB14188
:100E9000C13FB74B9F72759851BE3DAF64887C715E
:100EA000985CAC4FA85A8F826E9B5DA955A1658F47
:100EB0007373A155AB52A759888961A44CB547B843
:100EC000509A70799D5DA1609A638B7B789159B13E
:100ED00048AC5C926D848B67A557A0648B8F56B12C
:100EE0003FCC36BB4F997371A34BB741B750978531
:100EF00063A152BC36C344A46C78A546B447B0582D
:100F00008C8458B935D830B8657F9453CB22D62E0F
:100F1000C3528F8B4EC52ED628C14F8D8B59BD28FD
:100F2000D733C0597DA03EC438C5419F7F5BC524DF
:100F3000E00CDB41A27466B030DB24D736A37E65BB
:100F4000B92BE317DE3CAB6F6AB031D336B06074B7
:100F5000AE35E010E024C06273AB31E11CD737AA94
:100F60006177AE31E015E721C35E7A984AC930CF88
:100F7000439C7E61BE2BD929C352869A42C62CE07F
:100F80002AC15B7F9A47CC23D333BE5293884FC28A
:100F90002DD231B25F819153BF33C3499C825DBE74
:100FA00024E225CE3FA18160B63ACE29C55294886D
:100FB00055BF2DD428CF37AA6C6EAA46BD3FA57861
:100FC0006E9F41CF1FE12BB76479A645C238BD4B58
:100FD0009A8560B335DB1FD836B15D849557AE5026
:100FE000A85A95855BBB31D035B45D858464B23F2A
:100FF000BA41A26E6CAB3BC13DC63AB45A87896216
:10100000AD49B751A26D7E9459AC4AB84D9F6E73ED
:101010009D50B643A86B86806FA24BBE45B05F86DD
:101020008A5FA252AF43B34F9F71739C55A65BA0DA
:10103000608A8867A552B14DAA6088846C9B5D9CCC
:101040006D8B76788E60AB45BB45A9638D6E8288CB
:1010500062A656A163858D60A457AC4EAE5A996FB7
:1010600077906A966D8C777B92629F5BA94FAC619B
:101070008F7A6E9D53A85B9B678D806AA441BE45A5
:10108000AB628B777B905DA555A75B8F826B975D7D
:101090009F57A764878865AB43BE3EB65D8992546F
:1010A000AF43C23AB55E868E52C62ACE3CB556A034
:1010B000746EA244BE45A06C799755B93AC340AE50
:1010C0006675A738C735C845A27A5FBB34D41DDA28
:1010D00030B86872A541C833C73DAA697A9F43D129
:1010E00023C45592845DB230DB28C74D87A045D517
:1010F0001CDF25C25688953CDB17E91DD13F968B36
:1011000056C134C73CB86678A533E019DD32A87201
:1011100067B238D31DD141929A3BD414F80AE72B19
:10112000AD6B6CB631D32CC6538F8B51C423E226E2
:10113000C1508E8C4ED025CC3FA77963B429E711DE
:10114000EF22BC626FAC3ACD28D131B66673A938B4
:10115000CA2ECF3EA0736EAA40CC2EC355908953A1
:10116000C02ADC2FC25A80964ECA1CEA1DCC4F956D
:101170008655B53CC33EB757849949C22FC740B086
:101180005C8D8B52AE47B356948260B539C825D278
:1011900038AF68818D59B543B654957B6F9D53B771
:1011A00038C445AC658785669E6492698F7C68A665
:1011B0004BB446B059977477935CA953A95A957B61
:1011C0006E9B57AC47B6569A678A8268A453A85C50
:1011D000967084886E945FA75F95707A955BA55C26
:1011E000A358A467828C659E53B0589D6C8186621B
:1011F000AA46B83CBD539C6F769857A9589F5D94FA
:101200007965AA44B546B25C8F7B6F9954B74AAAF8
:1012100062859655B339C735C44D987B6CA73DCED2
:1012200037B555978262AD41C23AC04E90865AB6E4
:101230003FBE45A9608A924BC42DD033B963759ED9
:1012400047CD21E21BC95291904BC82BD638B95FCC
:101250007E954EC823D832B16E7A9F41C437C147BC
:10126000A67460C524E30FDD33AF6D73AA33D520B8
:10127000D737A9775DBD34D220D141A5776DA93686
:10128000D331B95B7E984BC62ADA22CB4E8A994479
:10129000CF1CE42FBF4C938A4EC925D42BC158854F
:1012A000954EB839C93DAF60829C49C735BF46A04D
:1012B0008263A73FD11DE32BB26779A048C139BD36
:1012C00046AE6D77A243CA30C545A566848E5FA53C
:1012D00055A0658C8B51BB35C636BD4C9A727C9738
:1012E00050B541AF608B8963A253B73AC443A76539
:1012F0008C87689668916F8C7F6E9F54B14DAC5906
:10130000937B739557A358A5579A796DA052B4450E
:10131000B34EA36296766FA052A65D966E7E8575DB
:10132000985BA56099747A9656A952A7589E697CD5
:101330009162A546B947A86A848E5EA848C137BCA9
:101340004B9A79709B55A75E996F86895AB840BEB3
:1013500045A767868D60A74BB44BA66D799E44CD9B
:101360002CD228C44E948269A640C144A56F719FB7
:101370004CC137BD40AC657D9B4EBB3BB65A8E7BA6
:1013800067B238DC20D731B66779A445C335C84386
:101390009E7566B136D12CC24B95875FAF40C03F7A
:1013A000B65B7B9B4BC927D82CB9588F8A50C52573
:1013B000DB2EBF58829452C42DCF39AE687FA03F38
:1013C000C734C2489D776AAE45C634C1459B7E602E
:1013D000B430D429D138AC6D6AB03CCD28C5509515
:1013E0008B5BB632D62FBA588A8E58BB3FBC47A308
:1013F0007373A345C828D537B15E85944DC035C0F9
:101400003DAA6D70A83FCA2FC5469D726FA64CBB02
:1014100048A762868E55B242BF3FB7588C8864ACED
:1014200043C13CB05E8D865AB33CC63FB2617E91EB
:101430005CB044B5539A7677954EB14CA761927CD7
:101440006E9E51B440B6539D76779F4EB748B454C4
:10145000967D67AA46B740B15D8A846D955DA160AF
:10146000947778975DAA50A4559E6885846BA14EA9
:10147000B05797727C9557B443B64DA869828D6575
:101480009C5D9B6C83807395629E5F9E64927D7170
:10149000936297619C648A7E6CA04CB349A6649267
:1014A0007B749361A1589E6A8582798869966D8B59
:1014B00074887E7690659B5F996C828A6E965CA438
:1014C0005A9D6A829158AF51A756A1628E757B8D45
:1014D00069976A897A7C82709760A059A16A88822C
:1014E0007295609E6D8387689E50B745B44CA36B20
:1014F0007C8E6A92679A66946E828B5FA556A05A1C
:101500009F678A8271955E9E6C7E8B61A94EB54BFA
:10151000A8618C82699D55AE4EA9618882719658EA
:10152000AC4EAC559C776DA054A75A9D65838966D7
:10153000AA4AB05C8B816CA04AB747B54EA46C7ABE
:101540009261A54FAF56977974984EB941C43FA99F
:101550006B77995AA6599D6E799455B530CC41A8B0
:1015600066838564A750B04AA66D7B9751BA38CE82
:1015700035BB4F967E61AD4EAF519F7965AC3FC58F
:101580003CBD509A746FA348BD44AC618A865EA886
:1015900045C82FC74B937E64AD40C537B858928875
:1015A00053BA3DC145A76F729F51BE3BBB539C745C
:1015B000779E44C13EB9539A786AA943CA23D13E63
:1015C000A57369A941C03EBC4F918953BC3BC23A47
:1015D000B461898960A846B9519E6D7A994EC1342B
:1015E000C83AB1687F9154BF2ECE41A66B76A2480F
:1015F000BC3ABA49A5726CA249B548AB5D90797006
:10160000A54CB649AB618A8E5AB13EC63ABB578BE0
:101610008766AE3DC042AB6781945AAB48BB44ADD0
:1016200061868869A0559F6191737C984EB842B9D4
:101630004C9C717A9658B344B3529A76739F4EB7C6
:101640004BB34D9D70808C6A9D56A85C9276788EC7
:10165000679A629B638C7F6DA054AF4DA2658F71BA
:101660007B925EA7589D618D79749165A156A857AC
:10167000A1618E7C7B8B6F906F8383768D699C5A82
:10168000A5608F747D8A6F926A92678C7877945A7E
:10169000AB50AD53A6589877798F689C5C996E8350
:1016A000817395629F5D9D628F7A7A92629D63934A
:1016B00070867C729C55AF4EA75D8D816F9A56AF38
:1016C00048B54F9C7178955EA650A85A9679799343
:1016D0005AB147B355977479995CA854A55D908425
:1016E0005FAF3CC63DB552997273A24DB63FB75538
:1016F000928367A24CBE3CBC499D71769F4EB44616
:10170000AF5F8A8465A645C13DB5588D885CB53DFF
:10171000BD42B653997E62AF41C43CB1598F8466D5
:10172000AB42BF3CBC53908364A64FB74C9F6C82C6
:101730008E5CB43AC143AF61838A65A54FB647A7B3
:10174000628A8B57B446B649B0598F7B6D9F55ACB2
:101750004F9E6F808B639F57A9559F66868766A3B0
:1017600056AA56986F8A7C6F9F54AD55A5618783A2
:10177000739460A454A75B98717A8C6B926A926D93
:1017800084827A8B62A356A06491747F867191697A
:101790009665907975985BA653A85AA55B937A795C
:1017A0008E659D6190768282709859A756A6599150
:1017B0007B788F6599649270878269A74DB44BAD31
:1017C0005A917B78915EA74AAF5E907A6F9D59A936
:1017D0004EAB569B747B925BAB50A2638C7A719C30
:1017E00057AC4EAB54928267A548B945B3549B7031
:1017F00075A050B546AE5C90836C9B54BA41B3570C
:101800009477719F54A854A069848D5BB23EC73A07
:10181000B4578E8167A84BAF4CA85E888E56B244F1
:10182000C041AC5A927B739C55AA589A75749B53CD
:10183000B444BF42A865838E5EB141B3549C7177B6
:101840009B53B843BE43AA63868B66A255A161949D
:1018500070769953B24AB151967878975CAC49AF9B
:101860005A937A729F56B24CAD5299737F8B64A58E
:1018700054A2619271798D669E5C9B5F907D6D9A9A
:101880005AA954A1658E7A739B5CA657A0638B837B
:10189000729263A457A261907481886C93688F7070
:1018A0008383709660A05C9A6D838073986197655E
:1018B0008F6E8187679A60A1599E63917185867347
:1018C0008F6D91718483758E699B61936E8480772F
:1018D0008D69936E86787B8A689A61A05B9A638F24
:1018E000737F856E916994698B7D758F6D98639810
:1018F0006F877E789069936D8A7C788B6A9A629DF7
:101900005E976F84807394639B63936889806E9401
:10191000629A6290747F866E9168946E867D7494EC
:101920006695688F7285817093659E5BA3658E78DE
:101930007E8B69986299688D807292639D619074C4
:101940007F82768E67946E837E739461A05EA061C1
:10195000976E84886D9A5E9D668E78779162A1609D
:101960009D61907A749169956B8A7B778B6A965E9C
:10197000A061936F7E8A6B94649C6096727D896689
:10198000A157A46291747C8A679962966D86846F70
:1019900094629E669175818473965DA35D996E8451
:1019A00088679A5FA25B9A6E7E8E61A454A064924F
:1019B000797B8D679B67976D85886E9960A25A9C2D
:1019C000698A7D72935CA4599B6B7C8F5FA450AB3A
:1019D0004EA36A828663A05A9C6A867E71955CA437
:1019E000589E658C807390629F5F9A6D84866BA50C
:1019F0004FB050A9628C8965A259A8599A717A9200
:101A00005FA8569E668E7A788D649C5D9C66878002
:101A10006D965DA751A6618C8368A051B351A564F2
:101A2000878966A158A45D93787A8D5FA455A262D8
:101A30008F737D89689D5C9C658786699E51B44AD9
:101A4000AF58917B6CA158A6599A6D828D60A554B0
:101A5000AA599A6D8382709864976B8A80709956A0
:101A6000AB4EB055947873945EA851A36688866295
:101A7000A44FAD55A3648C7C7296609D648E797F73
:101A800089689E59A45F98737B9261A752A85B9660
:101A90007A729758AB51A75F8F7B6E9B5DA05B9E60
:101AA000658F7B768E649C6491767B8967A155AA4D
:101AB000529F6C7E8C639F57A5608E7972955AA950
:101AC00050A65C98717E896C9368936F867E71993D
:101AD0005BA6579B6A8A7E70965EA15E9A71799525
:101AE00060A556A85A9B6E86866D98649D6795730F
:101AF0007E887194619C6494748288679C60986A03
:101B00008A7A798D689C5E996C85827091649A64FA
:101B1000986490747C8A6D9167936C887B788969EE
:101B2000986397688A7B778C6E8E6E8B777F8075D3
:101B30008D68986A8C75837D7A87709066956C8ABB
:101B40007C798C6E936A926A8D7A7B8A6F906A91A7
:101B500072847C7D827887728876857F768B6D8FA4
:101B60006C9070897582876C95678E72857F768C94
:101B70006D93659A668E7284807A86758C718B758A
:101B8000827E778E68966B8B768182728F6994677E
:101B900092757A8B6996669666936D87806F96626A
:101BA0009E5F9C6989787C896A9963947083856B50
:101BB000995F9F62966D867F7395609D668E777B39
:101BC0008E659D59A854A6608C7E7393629B609627
:101BD0006D86846C9C5BA8599C6D84837492639918
:101BE000668F767C8B5FA656A55C996C84846C9D11
:101BF00055A9599D6D8089679A5EA3599C6B828A0D
:101C00006B995E9E64917480866F97629B648E7AF6
:101C10007891649F59A161996B86856A9C5F9A65EA
:101C200090757F876E965FA05F966E8482758C6FCD
:101C30008E6C8A7A7D876D96629B688D75808372C3
:101C40009068936491737F846E906A926991698AB7
:101C50007B7A8A6E8F6D8F7285788081738D6F8BA2
:101C600072847F7989708E6D90708D758285719088
:101C70006E8D6F8B788082758F669A65946D88788B
:101C80008083738C6C9071857C788B6B936A916B7D
:101C90008B787D886E9267956E867F778C6B986166
:101CA0009B6393777B8A6B97619B66936E82856B50
:101CB0009960986792777C89699A5F9F6292727E39
:101CC0008B68986199678D79788D64A256A85C9528
:101CD0007183866C965F9D639376778F619F5AA11F
:101CE0006094708287699663966A8C7D729364A211
:101CF00059A35D9672818A689C609C678F78798C05
:101D000067A158A16192757F876C936696698B79FC
:101D1000779068996199678D767A8B6798619C65F1
:101D20008F777B8C6D956299688D767F886B9767CE
:101D3000956A8C758283748F6A9072877D7A8B6ABC
:101D40009567966690757E84728D6B906F887C7AAD
:101D5000886F926895689073867E7C847589768595
:101D60007A7E8870926C906D8E72857F7987718B88
:101D700074847B7D86728D6C926892708778808186
:101D8000768A738876837E778A6E8F6B8E72867A78
:101D90007C86748B7189778282738D6D9069936D67
:101DA000897A7B876F916A8E70877B7A896E916B57
:101DB0009072837F79896D906F8A768481738E6A41
:101DC000926D8F738282768F699766936F867F7329
:101DD0008C6E906B8D757E85728F6A926D897C7D1D
:101DE00083718E6D8F70877C778D6A986299698F09
:101DF0007581856E96689370877D748F6A936694FB
:101E00006E887B77896F8D7087797D856E946598F4
:101E100062966F8382728E6995698D767E896C98E1
:101E200061986B8E777E84758B6E8D758083758FD0
:101E30006995669071897A778D6B946593708284C9
:101E4000719263976692708581718F6B8D72857DBB
:101E5000798B718F69916F867E778C6C9468936DA6
:101E6000897C778F679762966E8582748F68976991
:101E70008D74828472916B8E72877D79896F94667E
:101E8000986B8A787C8A6C9567956B8C7B768F676C
:101E90009965966C867E798C6D8E70887B7C886D5A
:101EA0009369926C8A767C86738E67946B897B7853
:101EB0008B6A986499678E777A8B6D906B8E767F3C
:101EC00082738D69946C89767F84748E6B906C8C30
:101ED000777C876D946499678E757E886D9468921F
:101EE0006E8B7D778E6D916F8E758183778E6B9201
:101EF0006D8C798283728E6A93688F757C877093FC
:101F00006597688D767F856F906D8E72847F768BF6
:101F10006E8F6C8D74847D7A896D916D8A768182E5
:101F2000729068956592728184718E6A926E8977DB
:101F30007D886E916C8F70897B7B85738B6F8C73C2
:101F4000837E7B8A6D916C8E748381758C6C9469B1
:101F500090748084748D6D8F7089778082738D6E9C
:101F60008D70887681807988708B75857D7A8B6C91
:101F7000946B916F887C7988728E6D8C7680837477
:101F80008A708E6F8D6F88797D82778675857A7E6F
:101F900080778A6F906F88788083758A718975845D
:101FA0007E7B84758C708C738778827F7B84788845
:101FB000728A7681807A87758676837C7D85748B3C
:101FC000738977807F7984788776857A817F7C852D
:101FD000748A718B728975847B7D83758778827F23
:101FE00079877586778776847C7C837A827B7F800D
:101FF0007B8179857389708B7286797F807886740E
:102000008775847A7E827588748676827B7F7F7CF2
:1020100082788478827D7B827984798676857C7DDE
:1020200085748B6F8C74857A7E82788973887584C9
:102030007E7C8475887488778677827F79857587BA
:1020400078837F7C85768A718E72847E7988718AA6
:10205000738875827F7A86728D708C76847C7E859B
:10206000758A718D72887A7C86728C718875837E90
:10207000798A6F8F6C8D7482817787748C6F8A7484
:102080008181758C6D90698E70867A7C86718E6D7B
:102090008B748181768B6D8D6F8C72837F778A7064
:1020A0008E7287797E83768C6D916E8E757F847546
:1020B0008D6E916D8B758381788C6F907089797E30
:1020C00082778A728D708977828275897488768426
:1020D0007B7D8672906C916D8A7881817888738A15
:1020E0007286787C8375896F8C708877847A7C821D
:1020F000768477827C7A85768872887387787F7F0A
:1021000076877686768578807F7A84748A738876F7
:10211000847B7F817A85768777857B7F807A8479D7
:10212000827C817D7C837987768877837D7F7E7BC7
:1021300084778876867A7F827987738D738B7588AA
:102140007A7F817985778578837E7D8178877389A9
:1021500075847C7B837687738874827C7986708EA5
:102160006E8C7387797E85748B6F8C7088797F8293
:10217000758871897285787E85758A6E8B72847C8C
:102180007B82748C6F8C73847E7888708E6E8F6F78
:102190008A787E82748D708C72877A7D86738C6F5C
:1021A0009071897B7D85758D708B73847D7B887044
:1021B0008E6C9073867A7D84758E6D8E7189797D33
:1021C00085748A708C72867A7D85758B728B748625
:1021D0007D7C847688738975837E7A87728C6F8A1A
:1021E000738777807F7687738775827C7C82768918
:1021F00072897588797F807B8379847A81807C86F7
:102200007689738A75867A7F807B84778678837CEB
:102210007E8178867587768776827D7D827A8378DF
:10222000817C7F7F7A83778676857A817E7D8279CD
:102230008777867A837C7C837787768777847B80B1
:1022400080798674887485797F7E7A8277857482B6
:102250007B7D827787748974867881807A8575879B
:1022600076847B7E837689728B728975828079848D
:10227000768576837C7C82768A718B738679808082
:102280007A85748875857C7B84738C708C71897871
:1022900082827889748976847C7C85768A728A7257
:1022A00086797F837587748876827D7A85738D6D54
:1022B0008C72857B7D85758A728A74837E7B877438
:1022C0008D728A76847C7C857489748976827F7924
:1022D000877389718776827F7888718B728877801F
:1022E00080798674897387797E8177887489758708
:1022F0007981807A88758875847D7D84768A718BF2
:102300007386787D837687758677827D7A837689F2
:10231000748875827C7D82798378847A7F807887DF
:10232000748A738679817E7B84778777857C7F82C8
:1023300078857687768579827C7C82788279807DC3
:102340007D827786768677827C7D83788578847CAB
:102350007F807B84788677867A817F7E807C827A94
:10236000827C7F7F7B8379857A827C7E817A83778A
:102370008479817D7B81788677847B807C7E817A7D
:1023800082798279807C7E7E7C817B817B7F7E7B73
:102390008279837A827C7E80798379837A807E7C5D
:1023A000817A83788479827C7F7D7C7F7C817B7F4E
:1023B0007F7D807B837A827B807F7D827A837C8134
:1023C0007E7D817A84788479827C817D7E7F7B8129
:1023D0007A807B7F7F7D807A817A817D7E807C811F
:1023E0007B817D7F807B84798379827B807F7C8009
:1023F0007B827A817B817B7F7F7B817A827B7F7D01
:102400007E79797979797979797979797979797937
:1024100079797A797A797B797979797A7A7A797925
:1024200079787A777A787A79797A797A797A78791B
:102430007879787979787A787B787B7A787979790C
:1024400079787979797879797A797A7A7A7A7A79F8
:102450007A787B7879797979797B777A777B787AEA
:1024600079787B797B797C7A7A79797A79797978D4
:10247000797879797A79787979797979797A7B7AC9
:102480007A79797A787A787A7A787B777A777A79BA
:10249000797A777A787979797A7878797A78797AAD
:1024A000797B787A797A797A7B787C797B7A797B8F
:1024B000787A787A78787979797978797A7A7A788D
:1024C0007A787B7979787A797A7A7A78797A797A76
:1024D0007978797A777C787B7B787A787C777A7868
:1024E0007977787979797A797B7A7A797B797B7956
:1024F000797A787A777A787978797B797A787A7A4A
:10250000787A79777879787B7979787A787A7A793C
:10251000787A7A7A7A7A797A7A787B787A78787C23
:10252000787A767A797B7A787A797B797B7679771B
:102530007979797A787A797C7A7A797A79797A7705
:1025400078797A7A797A797A7A7A7A787878797AF7
:10255000777879787B787C787A79797A79797779EC
:1025600077787B787B767B797D7A787D767B7579D9
:10257000797A7A79797A7A7A7A797A787A78797AC4
:10258000797B787A7A7B797B7B797A7779777A77B6
:102590007679787D79797979797A7B7978787B79A8
:1025A0007C787A777A777B7679787B7A797D7B7E8F
:1025B000787A7678777B7479787B7A7A7F7E7F7980
:1025C000797474737372747B7A858284857F7A766A
:1025D000706E6E6A72707E7D8B8985887D7B736E6E
:1025E0006A6A696F747B85908E8D897D7C6B6A5E6B
:1025F00064626A797E9396989186836A6E5F5A6464
:102600005B7276889C939F8F7E84626B575A605B67
:102610007D7B94AE8AAB7F7E77526D475965628829
:102620008AAE94AB88827A5C6A4A5A63568A7F9EE5
:10263000A794997B7F616A5A556C54887E9AA293BD
:102640008F7A7F5C755759734E8E7D95AA8A9678DE
:102650007D5F7059586F548A7FA494A38577825206
:1026600072555C646D8386C26FBC70757C5567560D
:10267000665681828EBA81A17A77636A55596660FF
:102680008585BB7FB879737B545F56605683869B84
:10269000AC998F7E79566B5157606D818BC777B936
:1026A0007970725955575C667F8CC181BD7B6C7A9D
:1026B00051565858617D8BB48EBC7C75824A6356E6
:1026C000575F7986A697AC8275824F6A5B5A6876A7
:1026D00084B07CB6766D894D6E615B6C7684B47522
:1026E000B9746C894D6C6259707786BE6EBB746923
:1026F000815364605976798BC371B0727367635C80
:102700005D5D787D95B3879D6E82526C5A58667672
:1027100083B28AAF85648946695A5674778DC776C5
:10272000B6727169595F575D777FA1A798996589DE
:1027300048665B5371748BC17BB77A68744F61567E
:102740005F7780AA9DA297608945625B5177748FFD
:10275000C37BB3796B6E525E55637585AE94A6905C
:1027600063804B5F5B55777B9AB18CA471755F5921
:102770005C546D738DB587AA856678535E5D5F7313
:10278000839E9C95966F7660605C5E717691A8885A
:102790009F7E6D715E5D616871879E8E968C6F768F
:1027A00064646368727B8E95868E7B72706C666AD9
:1027B00073748492838B8472746F686970727E8C78
:1027C0008986867874706E6A6E7479858C81857C52
:1027D0007473706C6E7578838C80857D7475706D84
:1027E0006E7377818A81847E7576716F6F7378805E
:1027F0008780817B7775737271757982857E807928
:102800007874737271767A84857E8177777272704C
:1028100070787C8A81827F7476706F6F727A828E14
:102820007C837B72756F706D777B8A897F8276730C
:102830006F706E6E7A84927E8779716C6F6D6C7733
:10284000829781867E6F6D6C6F69747E938D8286B0
:102850006F6E656E676E7E949D828D6F665D686338
:102860006A819BA786936E6057636267829DAE867E
:10287000956F5E555F6364829DB98A9872594C5614
:10288000616083A4C68E9B715440515E5E86ABCD61
:10289000919D71523D4F5D5E86ADD0929C714F37D8
:1028A0004D5E5E87B3D6969A6D482F4D5E618BBEA6
:1028B000D6979867432A4F5E638FC6D29794633F3B
:1028C0002853616791D1CD958D6038245B666B96F6
:1028D000E2C192835A2C27646770A0EEB2927B54B7
:1028E00024316A6777ACEFA58F724B1D3E6F687F0E
:1028F000BFE59C87673E1B52736D8BDACE947F5C7D
:102900002F2263727199E9BA8E765222306C717AF5
:10291000AFEAA8876B431945737288D0D79C7D5D59
:102920002F1C5B76779AE8BD8F72501E2F6B767FD7
:10293000B1E7AA8567411846757787CCD59F7A5C41
:10294000311E5B7A7A93E1C0927050212F6A7B7FAF
:10295000ABE4AD8465421849797985CDD19D755A2E
:102960002B23647F7998E7B687694918427A7C7F80
:10297000C1D8A2775D341C5E82788DE2BF8E6D5027
:102980001D3574807BAEE3AA7B623D175383798348
:10299000D7C9976F56262A6C83789DE7B38267461E
:1029A00017477F7B7EC7D49F725C2F216484788F0A
:1029B000E4BA896B4D1B3D787E7BB5DDA678613A24
:1029C0001B59837885D8C5956F55282D6B817999CA
:1029D000E1B587694C1E41767E7DB2D9A97C613D07
:1029E0001E557F7A85D0C69971582D2C67817A96AD
:1029F000DDB4896A4E2042757D7EB3D5A67B623FE9
:102A000021567D7A85CFC39871582F2F678079938F
:102A1000D9B48B6B512741727D7AA1D4AC83664BBC
:102A2000264F787A7BB3CCA47B6141295C7C788388
:102A3000C7C09A755C3833627B778BCFB893725B73
:102A4000343965797894D0B48E6F58303F6978798D
:102A50009FD0AE886B532F476B767BA4CCAB896D30
:102A600054324768747BA0CAAB8D71573544657387
:102A70007A9ECAAC8E7158374465727998C6AE9208
:102A8000775F3E435F6E758BB7B59D82664A415551
:102A900068747FA3BDA78A6E55404D65737894BD59
:102AA000AC937A6346495D6A7382A2B7A48B725E67
:102AB000474F616C7287ACB19D876C554A55657103
:102AC0007790B3A6927C695255606A717C90A49B02
:102AD0008E7B6C5C5D646C7079899F988E7D6E5F77
:102AE0005F656C70788A9D958C7D6F6364676C7090
:102AF000768293938C82786C69696B6D717787921B
:102B00008E8880756A6B6B6C70757E8B8D88807A11
:102B1000716F6F707275787F8583807C787574743F
:102B2000747677797D81807D7A787675757577781A
:102B30007A7E7F7E7C79777676767879797B7E7DF2
:102B40007C7B7876767778797A7A7B7D7C7B7A78ED
:102B50007676777879797A7B7C7C7B7A78777777E9
:102B6000787979797B7C7C7B7979787878787879D1
:102B7000797A7C7C7B7979787878787879797A7BBE
:102B80007B7A7A79797878787878797A7B7B7A7AAF
:102B900079797978787878797A7B7A7A7A797979A3
:102BA000787878797A7A7A7A7A7A79797978787994
:102BB000797A7A7A7A7A79797979787979797A7A7F
:102BC0007A7A7A79797979797979797A7A7A7A796E
:102BD00079797979797979797A7A79797979797963
:102BE000797979797A7A7A79797979797979797952
:102BF00079797A7979797979797979797979797944
:102C00007979797979797979797979797979797934
:102C100079797979797979797A7979797979797923
:102C200079797979797A7979797979797979797913
:102C3000797A7A79797979797979797979797A7901
:102C400079797979797979797979797A79797979F3
:102C500079797979797979797979797979797979E4
:102C600079797979797979797979797979797979D4
:102C7000797A79797979797979797979797A7A79C1
:102C80007979797979797979797A7A7A79797979B1
:102C90007979797979797A7A7979797979797979A2
:102CA0007A797A797B7A7A7A797A797B787978798C
:102CB0007B7A7A787A797B7B7A7976787777797983
:102CC0007979787C767A797A787A79787A797B7872
:102CD00078787A7C7E7E7F7777787B79797676795B
:102CE0007D777B777C777D79787C797B787979774C
:102CF000777A7776797777777B7D7A7D757B7A7F40
:102D00007A7778767C797D7A7678787A797A7C7A2F
:102D10007B797B797877797B787879797A7A777922
:102D2000767C767A797A787A807A7E7E7E75797604
:102D3000767D7676787A7B787879787A7777767711
:102D40007A7A797C7C7B787C7B737C737B727F7AEC
:102D5000787D777A797D7A7D7A7779797B777A78D9
:102D60007B7B7B787B7B797E777A727677777B76D5
:102D70007E747F7579787A7A7B7D7874747B7A79C2
:102D800079787A7A7978787A767F767C7D807877A8
:102D900078727B777B77757E7E81787979737674AC
:102DA0007671808083847E7D73726B6C6D74808697
:102DB0008A8A85817072656768717C878D8C8B7F4C
:102DC00074716567656D7A83948E9080786E6464A3
:102DD0005E6B797F9C919387766E64605D6A738089
:102DE0009A95938D7671635C5D676D8398999B90DE
:102DF00078735B5959616B859B9FA3917975535A81
:102E0000545D6A849AA3A3957B76525A53576A827B
:102E100098ABA49B7D764F57504F6A7D99B4A4A47C
:102E20007F764E544D4B6A7996B9A1AA8276515459
:102E30004C49687694BBA1B3867358504948637176
:102E40008FB8A5BA8D72644948485C6E8AB0AEB836
:102E500095756C454B48536D85A8B7B2A0796F4600
:102E60004D454D6D7DA0C0ABAB7D6F4C4B434D6967
:102E7000759BC2A6B484715246434A5F7398C2AD33
:102E8000C09171593F3D3E536E91BAC2C6A277655B
:102E90003A3937496586AFD1BEB3836B3D3B374185
:102EA0005D7CA4D3B7C18E6D483B383D56729BC93B
:102EB000B9C89B6F573A3A3A4D6E91B9C4C6A875D6
:102EC000653C3B37486684A9D1BAB6846C433D3A29
:102ED000405B779DCBB5C5976B583D3B3B516E8CA6
:102EE000B7C6C1A8766A3D3C3C48627FA4CFB1BD5D
:102EF0008C6B503F3F3E56708FB4C4BAA9746E407D
:102F0000413D4A5E7C9DCDACC0926A5942423F55DC
:102F10006D89ACC8AFB07A70494644475A7590B7CE
:102F2000BAB3A46D70444844505D7D97C4A8BA9369
:102F30006866464A445764819CC2A5B28E6C664B53
:102F40004E4859607E95B8A6AF976B714C50485962
:102F50005C7B91B6A8AD9C6F724F5149525C708AF0
:102F6000A4B1AAA88B73684F4E49535B758CA1BE60
:102F70009FAD85725F514C485C5F7F8FABA9A29A71
:102F80007A755E5D555962697D869B9A93928076CB
:102F90006D6861616668787D90988D9482797069BA
:102FA00063606467747B8B9692938A7E776C6761AB
:102FB000606469747F8E959392897E756B655F629C
:102FC000636D788292969092837B716A6460636786
:102FD000707A8593958E908079706A636263687267
:102FE0007C8795938E8D7F766E6861616469747E4F
:102FF0008C9A92918B7C746C665E61626A76829127
:103000009F9192887A706B635C62616C788698A2FB
:10301000919582766A665D575E626C7F92ACA29AE9
:1030200094796E625D545858667487A1B6999E8AE9
:1030300070655F58505A5A667A8FB5BEA2A57D63F7
:1030400057564D50575868819ED0BBAD9B6C5A4F18
:10305000524A54545E6F89B5D8AFB4885C4C4C4B1F
:103060004E5A56617591CFDBB6B0724C3C4A4A530A
:103070005A5A647BA7E7C8BF995D403F494E5D5BE4
:103080005E687FBBEDC4C0874D2F414C57665F5EC5
:103090006585CCECC8B7743D2B45505F66615D67B4
:1030A00093E4DFCAA75F2E304A586D69615B669B67
:1030B000F0DAC9985020355062766A5F576BABF6EC
:1030C000D4C384411E40596E7763545272BCF8D306
:1030D000B77034204D687C7A5B494F73BCF8D0AD33
:1030E000693426566E80795A4A5276C0F7CEA86562
:1030F00030275A72847C58465072BCF9D0A8662F8B
:10310000255C74867F58454F70BAFAD1A8672F2482
:103110005C76888057434D6DB5FCD7A96930215B3B
:103120007889845A404968A9FDDEAE6E341D567810
:1031300089885D4047639EF8E6B4753C194D7A87EF
:103140008D683F405B88E3F5C4854C1B3974848FE0
:1031500078463A5277C8FED2955A25266B858E84DA
:1031600052354769A7FBE5AA6A351857848E8D65E5
:10317000373C5D8BE6F6C07D471A3C7B8E917842EA
:10318000344F76BEFFD9975B2B1F658E938A5E32D4
:103190003A5E91E7F6BE77451B3C809491794232C6
:1031A0004E75B4FFDD9A5E321E648E8C835F3241B1
:1031B000668BD9F9C27E5023377F8C82774734558E
:1031C00074A1F6E7A669401D588D8A7F68373B6079
:1031D00081BAFFD4905A35246C968A7B5E30406960
:1031E00089CAFEC67F532E2F7D998577522D477150
:1031F00091D9F9B8704E2C38889E8375502A47763D
:1032000092D7F8B36A4C2D3B8EA082724D294B7A2F
:1032100094D9F7AE63492F4194A7806C502C4A7A19
:1032200090C8FAB56547363C90AF8469562F45780B
:103230008DBBFDBC6A463C3789B38C695C323F72FA
:1032400089A6F6CF7846463372B49E6B633E3366EA
:103250008795E0E58B494C3B59AEAA6D5D50335CD8
:103260008E8FACF3A0544C5C4994B87C495B434DC1
:103270008A9B87D2CA714164526BB6A0524F5640A6
:103280006D9C8C96E89E5748615091BA8C47555575
:103290004D799A819EE493464C5E56A6BB76435D7B
:1032A0004D5788967CBBD27F3A575A60B0B96B486D
:1032B000614C588B9679B4D37E38595C5CB1BC6C48
:1032C00049634D5A8E9474B1D180395B605CABBB5D
:1032D0006E3E60646188976C7FE29A4E4F6E5196A5
:1032E000BB883755735F7F9C7065E0A8624270545D
:1032F00082B4A6434870646E98865EA0D089376217
:103300006D56A1C3713B60725C879B6D64E0A35DE9
:1033100041715386B3AD47456A716F92865F82DB18
:103320009D4849695A99BF933D45766F7D927A577A
:10333000A4CE93355964689FC278374D7D767D95CC
:103340007A5098D48B48586A6596B09035457985FF
:103350007398804D81DD944E536B5E93B7973541E2
:1033600071847C9E7E4F5DD8B66A46674A81B7BA43
:1033700051354E867E99905D3BB6CD904D58516645
:10338000A5CD73354973729AA665427CD0AB6A5855
:103390005C3B90C7A8424B547379B18D4F49BABE7C
:1033A0008960554A7AA8AC69544B62939F645783ED
:1033B0009B9E96833F3692CF7A5D72693984B9833A
:1033C000286FAD9F7F9C723954ACAA5F6D866A46A8
:1033D000758D77729C9168628D8F7671827062862E
:1033E0009C7B4450778D94A47B59638E918172703D
:1033F0006B6F8E8C7451556999A3926A6A7A808832
:1034000091765168848E7B785F53619AA78A69723E
:1034100083807F8377607087896E6069757D848A19
:103420007575849A89675D777E7C8A83634E6F8722
:103430008B7E806E778799886D616D78818C7D6ACF
:103440005D6D70838F8A6C74828B838476616581F5
:103450008E826D6A6B67778D8E7371818C828178B5
:103460006D687F82796B70757A7B8178686F8995DA
:10347000887C7670737F8075676D757E7E83776DCF
:10348000667E9092817A6E7076867C736C747078AA
:103490008182726C6F7D8A91867B696F77857E767B
:1034A0006F746D7580827470727C818A888072728C
:1034B000707980847B746C6A72807F767679767D91
:1034C00086897E7570717A838379716A7079807B61
:1034D000787476797F828480797276797A7E7C734B
:1034E0006F747A7C7D7973747A7D7E838179747749
:1034F00079797C7B7674777A7A7A7977787A7B7B3C
:103500007B7A7978797A7A79797878797A79797928
:1035100079797A7A7A7A7A7A797979797979797915
:10352000797979797979797979797A7A7A7A7A7906
:1035300079797979797979797979797979797979FB
:103540007A7A7A7A797979797979797979797979E7
:103550007979797979797A7A7A7979797A797979D7
:10356000797979797979797979797A7A7A7A7979C7
:1035700079797A79797979797979797979797979BA
:103580007A7A7A7A797979797979797979797979A7
:10359000797979797979797A7A7A7A797979797997
:1035A000797979797979797979797979797A7A7A88
:1035B0007A7A797979797979797979797979797979
:1035C000797A7A7A79797A7A797979797979797966
:1035D000797979797979797A7A7A7A797979797957
:1035E0007979797979797979797979797A7A7A7A47
:1035F0007A7979797979797979797979797979793A
:1036000079797A7A7A7A7979797979797979797926
:10361000797979797979797A7A7A7A7A7979797915
:103620007979797979797979797979797A7A7A7A06
:103630007A797979797979797979797979797979F9
:10364000797A7A7A7A7979797979797979797979E6
:10365000797979797979797A7A7A797979797979D7
:103660007979797979797979797979797A7A7A7AC6
:103670007A7A7A79797979797979797979797979B7
:1036800079797A7A7A7A7A7A7A79797979797979A3
:1036900078787878787979797A7A7A7B7B7A7A7996
:1036A00079797979797877767676787A7B7B7C7D8B
:1036B0007E7F7D7D7A78767777797775727172758E
:1036C000797B7D7D7F8082817F7C79767676767549
:1036D0007371717376797979777C828A8C88817934
:1036E0007574747472706F6E7374787879797A7F88
:1036F000848B8C8C867F756C66686F787B746E6645
:103700006B74818685807F858E9590836F615B6504
:10371000747E7E7066626E7E8C897E75788CA3ACBA
:103720009C7B584A516B7F83765E59627A8E96866F
:10373000736B7A98B5B5986E484252738685705807
:10374000516180979C876E62799FC3C39F683936A9
:103750004A788D886D514B60859E9F86685F7DAAF3
:10376000CDC798592D30528294866144496895AAF4
:103770009F7A5C608EC2DCC0813E20356390967A71
:10378000513D4E7AA1AF966C556AA1D6E1B366263B
:10379000173C779B96694435578BAEB08A5E537958
:1037A000B8E7DC9F4818174F87A18D583739659DBA
:1037B000B9A97C4E5A8AD8F4D8852A091C6298A3E4
:1037C0007E49294475AEBD9B694669A7EFF7BE5D8A
:1037D0001003377EA9986032295D9AC2B47E4A519F
:1037E00087DEFEE086240017669AA7794127447F8A
:1037F000B6BE97614370B5F8F7B34E09064285A58A
:103800008E562F31679FBFAB774A5991E5FEDA7F1D
:103810001F051E6B979A6A38294D8AB9B98F605374
:1038200087CDFCEB9A3A0C145786936B38243E7D77
:10383000B2BF9E6E527FB9FBF4B2541111437E9217
:103840007541253773AABEA273537BB3F9F4B75CF5
:1038500014133F7C8F774325356FA7BDA57555772A
:10386000AEF6F5BC6216183D7C8B7240253C74ABFD
:10387000B99E705581B7FBF1B259131B44808A6C15
:103880003C244078ADB79B6E5684BBFCEEAD55131F
:1038900020488085653825447CAEB4976C5888BE36
:1038A000FDEDAA5313234C80826034264A82B0AFC8
:1038B0008E675C97CFFEE39441162D5F81794E2A87
:1038C0002D5A92B3A7806165A8E2FBD57E301B36E6
:1038D0006D7E6C40253B6EA3B1996F5E84C2F9ED9D
:1038E000B1591D2B4A7C755630275285B0A6886584
:1038F00066A6D9FED789401F3B6275613D2A41719A
:103900009DA791716890CAF8E5AA5A26364E74664A
:103910004930336088A697806D79B8DFF4C57D445F
:1039200031466163513A37527692968978799FCBC6
:10393000EFD4A15F36445065564239436781958B79
:10394000827B89BFDAE4B87B4E414D5C56473D40EF
:103950005A73888C877F84A7CBE8CA9A64424E51F9
:103960005B4B3F3F4C687B8B88868594C3D7DAB02E
:103970007A564C51574D423F455C70828888858C01
:10398000AFCCE1C095684D555153453E43506676E6
:103990008586898C9DC6D5CFA77A5D5554544840FD
:1039A00040485C6D7D85898C96B7CDD6B58F6E59B4
:1039B0005B514B3E3B424F637180878F98ACCBD0BD
:1039C000C19F7C675F574E403A3C47596978838D69
:1039D00095A5C2CBC8A98C77676050433939414E51
:1039E0005F6D7C8894A3B8CBC7B399817166574942
:1039F0003C383C4656657582909EB1C8C5BAA18BCD
:103A00007B6A5C4B3F393A42505F6F7E8D9BAEC5FF
:103A1000C6BEA693826E614E4139373F4B5B6B7BCE
:103A20008C9BAEC4C9C0AA978570604D4037363DA7
:103A30004959697A8B9AADC3CAC1AD998672614EF4
:103A40004036343C48596A7C8F9FB4CAC9BEA7939C
:103A5000816B5C483B34343E4C5D708194A5BBCE99
:103A6000C6B9A28D7C655543363236445366798C8F
:103A70009EB3CBCCC2AA96836C5C483A31323D4CA3
:103A80005E718397AAC1D1C6B6A08977604F3D32D7
:103A9000313747576C7E92A5BBD2C9BDA48F7D64D8
:103AA0005440343034425166798DA0B7CFCDC2A88E
:103AB000937F665540332E334252687B90A4BBD32C
:103AC000CCBFA68F7C62523E322F344554697C9124
:103AD000A6BDCDC2B39E8A786252423939424F5F49
:103AE000708497B0C5BFB49F92826D5E4B3F3A3EE3
:103AF000495667788CA3BBC8B9AB9A8878625242A2
:103B00003A3B44526274889FB7CABCB09C8C7B65B8
:103B100056433B39414D5D70859AB5CCBEB39F8C01
:103B20007762553F3738424E617A8DA6C3D0B9AC23
:103B30009B836E5B4F3A353B4552678190ACCECA52
:103B4000B4A69374625C45393D474B607A889DC248
:103B5000DAB0AC9876615B52373E484A5971868E2E
:103B6000B2DDB4B29F78625D5B3C4B504C5D7380BC
:103B700086B0E0A4B49C665D5D593A55574D6177B7
:103B80007F86B2E39FB797605C5E51425C55546894
:103B9000767A91C9CCA8B7735D56613E585C555E84
:103BA0006F7B7AA3E6A2BCA3576057524365555872
:103BB0006D707893D1B8B6AF62654F5640625F5171
:103BC000766C7691CAC1ACB769644C5E3F5C6A4C56
:103BD000746C7688C2C3A6BA67644E5F40666C4B4D
:103BE0007B6C738FD9A1B3AE516A4F5C4072645144
:103BF0007D6D7593E191BD9C4F635C4E4E814A6F24
:103C0000736C80BCBF9CBC5F6151643E766D4C821E
:103C10006B7093E685C0984760614B568A43767215
:103C20006986D79CAAA94A6161535391437273670D
:103C300083CFA99BB74C615A62468E565E796979EB
:103C4000C4BD8DBB54566061489251627A6A7DE072
:103C50009B9CAE43566A56509A436D7A6983E989B4
:103C6000A8A13F576E48658C4578746DACD382BC73
:103C7000644F5B62459355667E6980E888A8A63CE0
:103C80005A6B43688C457B756CB7CB84B95A4D5FD2
:103C900058538D536C7A6CABD486B666495A6049DA
:103CA0008E5A637E6B92E882B18141506A467C6D88
:103CB0005C77749DD995AE704B4B6056716B666E98
:103CC0007BBDC49BB055514B5C5C7169686D7FCD09
:103CD000B3A5A64C4F4E5C5D73636C7196DC9EAED3
:103CE000804A425B5B607A5E6D7EBDC4A5A95D4F74
:103CF0004060596772676F92DAA0AF8C4E42565B94
:103D0000537A696C86CDB0A79E5B4844634C6F7054
:103D10006B7AAECF9EA8764F3A605656776D739801
:103D2000D9A3A28A553D565E4F7172728FD6AD9E51
:103D30008F5E414B654D6A737187C7BB9F916A4D1A
:103D4000436252616F7488B7BFA18C7057475D554D
:103D50005E69748BB1BFA58D745C4A5B565E6772F9
:103D600087A5BAA08B7965575E5E636972859CA64C
:103D70009483796D646563686B7284989F9082798F
:103D800070676664686B7283969B8E8179716968CF
:103D900066696D75869693897D78736A69676A6FBF
:103DA00078899790877C78726A68676A707A8C974E
:103DB0008E857C76716966666A738192968C817B4A
:103DC000746D6765676C758796938A7E79736A6789
:103DD00065686F7C8E988F847C756F6765666C767E
:103DE000879793897E787268656469717F92988EEF
:103DF000827B746D6664666C78899992897D77712F
:103E000067656469728395968D807A736A65636766
:103E10006E7C8E9A90867D75706564646B758698ED
:103E2000958C7E7972696562686F7F919A8F837CC9
:103E3000746E6463646B77899A938A7D7871676422
:103E40006268718194998F827B746D6463656C770D
:103E5000899B948A7D787267646268707F939A8F79
:103E6000827B746D6463656C778A9B93897D7771BF
:103E70006664636A728396988D807A726B636366F8
:103E80006D7B8E9C90877C756E6265626A74889E7D
:103E9000958D7F796D646462676E839A9D8E847B55
:103EA0006F676065636B7B92A5918C7D71675D64C4
:103EB0005D69748DAA9C958172625B605A64708999
:103EC000A8A8988975615C5B5C5E6E829EB19792D2
:103ED00079635D58605A707A94B795997D635D56A1
:103EE000625773768DBA959D81665C556354727482
:103EF00088B79A9D8769595760536F7383B2A59BA2
:103F0000916E55585B526B747DAAB0979974545A50
:103F10005853657679A1BB95A17C5457544F5E7672
:103F20007399C59BA98B5750514853736E8FC4AA80
:103F3000AA9C604B52484A6F6E83B7B9A5A66F4CD6
:103F400050494667707CA7C2A4AC7D534C4A44607C
:103F500070769AC4A8AF8C5B4B4943586F7091BE82
:103F6000AFAF9C644C49444E6A7086ACBDABAA7539
:103F700053484546636F7A9AC3AAB08C5E4A45445B
:103F8000586C748FB7B5AFA06B4F46444B677181C7
:103F9000A0C0AAB0865D484544576C778BAEBBAFD6
:103FA000A3705544424A64707F9AC0ABB18D61489A
:103FB0004444546B7689A8BDADA976584541476104
:103FC0006F7B92BAB1B09B684C44434E6974839C3A
:103FD000C1ACB0845D4441465B707887A8BCB0A892
:103FE00076543E404E65717C8CB3B4B69B674B3FB4
:103FF00041546E747E95BDADB58D604240465A7198
:10400000788299BDAFB0805B3F3E4A63727885A3EA
:10401000B9B2AC74533F404D69757889AEB3B3A360
:104020006C4C3F42526F777A8AB2AEB49F68483F79
:10403000435573787B8CB8ABB498624440465A764B
:10404000797B8DBAA9B4925F4240495D78797A8CC8
:10405000BAA8B4905E41404A5F7A7A7B8DBCA8B41E
:104060008D5D3E414B627A7B7A8BBDA8B68F5D3DFC
:10407000404A627C7B7887BEA7B8935D3C3F4A622A
:104080007C7C7786BEA7B8965D3C3E48617D7C7798
:1040900082BCA8B89E5F3E3C455E7F7D767EB5AC17
:1040A000B7A7624139425C7E7E767AAAB3B7B3681D
:1040B00042313A5D7F847A7293BEB7C37746263128
:1040C000587C8A806C7DC5B3CB8A4C252F4F758C6C
:1040D000846C71BEAFCBA5572C2B3F6C8C8B746A54
:1040E00099B7BFC3723F24315D828F826874C1AFBC
:1040F000CE9551242C4976928C6D65ABAEC7BB64CE
:10410000342733698C907F6379BDB2CE8C4B232AE0
:10411000507F938D695FAFACCCB85E2B253675961A
:104120009378546ABFBED69F4517254D92A08C66E2
:104130004675C9CCD58430172A64A09C835647960F
:10414000C2D4CB6D251E3272A49A80564592C1D13D
:10415000C973261F3170A79C82574290C0D1CA7084
:1041600024223372A79C81584187BFCCC97F2E215E
:104170003366A3A188664162BEC0CD9F431C315403
:1041800099A78E6F444DB4BECEB2561B2D4888B150
:104190009C794D3B83BCCBCB822D223465ADAF8A5D
:1041A000663B46B0C2D0AE541A2C4D8EB69C784DAC
:1041B0003777BBC4C88F39233D5D99B390724D3DAD
:1041C0007EBBBFC28838283E67A0AD8A6F46419843
:1041D000BAC0B56E2B374D7CAC9E75604552AEC0F3
:1041E000B6A05E26446387AC9666594A59B5C2B1FB
:1041F000975B27496989AB91655B4F5BB2B9A9951C
:104200005F31516B81A39169615659A3B2A49A6938
:104210003753697BA0946D64595798B1A39B723F43
:10422000516578959875685F587FADA19E82504C16
:104230006073859E7F6D625D6AA3A59E8961495BFF
:104240006F7E9B867166626195A89890704D5770DD
:1042500077928E7865675F85A59A917C51546C73CF
:104260008A957A696B5F76A29C92845E506A7085AB
:1042700090856A6D626F959E92876A5264707F8C9A
:104280008D6C6E666986A5918A7359597379888E8B
:10429000766B6B667DA0928B7A63537376828E7E8B
:1042A0006A6D69749895907B6C536D747F8C846E85
:1042B0006C6C6C8F988E82705B66747C8789716D74
:1042C0006D6B84998E857560636F7E818C75716B63
:1042D0006C7C9690867B64626B7C7F8A78766C6A55
:1042E0007A8C8C8E7D656969757F8C77787169743D
:1042F0008C899082696A69717D8B7B77756B6D881B
:10430000898A8671686B707A858177766F6C82880E
:10431000898779676D6F7880857A74716E798789FE
:10432000867C6E6B6E797C818174707374828888F0
:1043300078786B6D777C7D84767174737E87867BED
:1043400079716F757C7B7E7A7676777A7E7D7B79E4
:104350007877787A797979797979797979797979D0
:1043600079797979797979797979797979797979BD
:1043700079797979797979797979797979797979AD
:10438000797979797979797979797979797979799D
:10439000797979797979797979797979797979798D
:1043A000797979797979797979797979797979797D
:1043B000797979797979797979797979797979796D
:1043C000797979797979797979797979797979795D
:1043D000797979797979797979797979797979794D
:1043E000797979797979797979797979797979793D
:1043F000797979797979797979797979797979792D
:10440000797979797979797979797979797979791C
:10441000797979797979797979797979797979790C
:1044200079797979797979797979797979797979FC
:1044300079797979797979797979797979797979EC
:1044400079797979797979797979797979797979DC
:1044500079797979797979797979797979797979CC
:1044600079797979797979797979797979797979BC
:1044700079797979797979797979797979797979AC
:10448000797979797979797979797979797979799C
:10449000797979797979797979797979797979798C
:1044A000797979797979797979797979797979797C
:1044B000797979797979797979797979797979796C
:1044C000797979797979797979797979797979795C
:1044D000797979797979797979797979797979794C
:1044E000797979797979797979797979797979793C
:1044F000797979797979797979797979797979792C
:10450000797979797979797979797979797979791B
:10451000797979797979797979797979797979790B
:1045200079797979797979797979797979797979FB
:1045300079797979797979797979797979797979EB
:1045400079797979797979797979797979797979DB
:1045500079797979797979797979797979797979CB
:1045600079797979797979797979797979797979BB
:1045700079797979797979797979797979797979AB
:10458000797979797979797979797979797979799B
:10459000797979797979797979797979797979798B
:1045A000797979797979797979797979797979797B
:1045B000797979797979797979797979797979796B
:1045C000797979797979797979797979797979795B
:1045D000797979797979797979797979797979794B
:1045E000797979797979797979797979797979793B
:1045F000797979797979797979797979797979792B
:10460000797979797979797979797979797979791A
:10461000797979797979797979797979797979790A
:1046200079797979797979797979797979797979FA
:1046300079797979797979797979797979797979EA
:1046400079797979797979797979797979797979DA
:1046500079797979797979797979797979797979CA
:1046600079797979797979797979797979797979BA
:1046700079797979797979797979797979797979AA
:10468000797979797979797979797979797979799A
:10469000797979797979797979797979797979798A
:1046A000797979797979797979797979797979797A
:1046B000797979797979797979797979797979796A
:1046C000797979797979797979797979797979795A
:1046D000797979797979797979797979797979794A
:1046E000797979797979797979797979797979793A
:1046F000797979797979797979797979797979792A
:104700007979797979797979797979797979797919
:104710007979797979797979797979797979797909
:1047200079797979797979797979797979797979F9
:1047300079797979797979797979797979797979E9
:1047400079797979797979797979797979797979D9
:1047500079797979797979797979797979797979C9
:1047600079797979797979797979797979797979B9
:1047700079797979797979797979797979797979A9
:104780007979797979797979797979797979797999
:104790007979797979797979797979797979797989
:1047A0007979797979797979797979797979797979
:1047B0007979797979797979797979797979797969
:1047C0007979797979797979797979797979797959
:1047D0007979797979797979797979797979797949
:1047E0007979797979797979797979797979797939
:1047F0007979797979797979797979797979797929
:104800007979797979797979797979797979797918
:104810007979797979797979797979797979797908
:1048200079797979797979797979797979797979F8
:1048300079797979797979797979797979797979E8
:1048400079797979797979797979797979797979D8
:1048500079797979797979797979797979797979C8
:1048600079797979797979797979797979797979B8
:1048700079797979797979797979797979797979A8
:104880007979797979797979797979797979797998
:104890007979797979797979797979797979797988
:1048A0007979797979797979797979797979797978
:1048B0007979797979797979797979797979797968
:1048C0007979797979797979797979797979797958
:1048D0007979797979797979797979797979797948
:1048E0007979797979797979797979797979797938
:1048F0007979797979797979797979797979797928
:104900007979797979797979797979797979797917
:104910007979797979797979797979797979797907
:1049200079797979797979797979797979797979F7
:1049300079797979797979797979797979797979E7
:1049400079797979797979797979797979797979D7
:1049500079797979797979797979797979797979C7
:1049600079797979797979797979797979797979B7
:1049700079797979797979797979797979797979A7
:104980007979797979797979797979797979797997
:104990007979797979797979797979797979797987
:1049A0007979797979797979797979797979797977
:1049B0007979797979797979797979797979797967
:1049C0007979797979797979797979797979797957
:1049D0007979797979797979797979797979797947
:1049E0007979797979797979797979797979797937
:1049F0007979797979797979797979797979797927
:104A00007979797979797979797979797979797916
:104A10007979797979797979797979797979797906
:104A200079797979797979797979797979797979F6
:104A300079797979797979797979797979797979E6
:104A400079797979797979797979797979797979D6
:104A500079797979797979797979797979797979C6
:104A600079797979797979797979797979797979B6
:104A700079797979797979797979797979797979A6
:104A80007979797979797979797979797979797996
:104A90007979797979797979797979797979797986
:104AA0007979797979797979797979797979797976
:104AB0007979797979797979797979797979797966
:104AC0007979797979797979797979797979797956
:104AD0007979797979797979797979797979797946
:104AE0007979797979797979797979797979797936
:104AF0007979797979797979797979797979797926
:104B00007979797979797979797979797979797915
:104B10007979797979797979797979797979797905
:104B200079797979797979797979797979797979F5
:104B300079797979797979797979797979797979E5
:104B400079797979797979797979797979797979D5
:104B500079797979797979797979797979797979C5
:104B600079797979797979797979797979797979B5
:104B700079797979797979797979797979797979A5
:104B80007979797979797979797979797979797995
:104B90007979797979797979797979797979797985
:104BA0007979797979797979797979797979797975
:104BB0007979797979797979797979797979797965
:104BC0007979797979797979797979797979797955
:104BD0007979797979797979797979797979797945
:104BE0007979797979797979797979797979797935
:104BF0007979797979797979797979797979797925
:104C00007979797979797979797979797979797914
:104C10007979797979797979797979797979797904
:104C200079797979797979797979797979797979F4
:104C300079797979797979797979797979797979E4
:104C400079797979797979797979797979797979D4
:104C500079797979797979797979797979797979C4
:104C600079797979797979797979797979797979B4
:104C700079797979797979797979797979797979A4
:104C80007979797979797979797979797979797994
:104C90007979797979797979797979797979797984
:104CA00079797A79797A7A7A797979797979797970
:104CB000797979797979797979797979797A797963
:104CC0007979797979797979797979797979797954
:104CD0007979797979797A78797B79767C7D777B3E
:104CE0007E77797E7777807B7471767C7A77797638
:104CF000737B827E7970737B79777B7C767A7F7821
:104D0000757C7D7B7C7B7A726F7F806D7B8772790F
:104D100088776A808576797E686B867D6781877102
:104D20007E86746F7E7F7879766F757D79757E81EA
:104D30007F7C777979747A7D74717979747C7C7CE5
:104D40007F8379757A79757A7A73747776767A7CD7
:104D500080837F7A7A78777A7874747672747779C8
:104D60007E85837D7C7B76767B777273726F7177BD
:104D700079808D918680787270797A706E686768B4
:104D800076788297A08E8277706C777C6F6B636485
:104D900065747B8399ABA0867A6E6A6F7C6B5F5576
:104DA000585E6B818599B5BA917E6D6A697B6F5D3E
:104DB00050545A647E8694B0C6A0826C6862767E37
:104DC0006C534B505370848F9BC8C4987167606458
:104DD000817D65494B4E5F7A8C8EA3D0B88B67621C
:104DE0005D698A8363454B5B647D898486C5CE9605
:104DF000655C60608E8C6D434A5D637C89807BB4AA
:104E0000DAA5725458547E9F8C5E3E4C5E70878942
:104E1000786CAAEDAB6D4654478FAB9255394E670F
:104E2000778D856967C5E5A26043524FA0B1914B6C
:104E300031496B8A9186615A8BF1B27943524D8A1E
:104E4000B59E5F3347648A8D8D6A5A6EE1C6914E76
:104E5000495061AFAB884441487889948064598552
:104E6000EFB17E45524485B3AA6B3B42538B8D977D
:104E7000735B58AFE3AE6A454B3E97B7AB673B3CBD
:104E80005190939C705552ADE7B16942483D9FB92E
:104E9000AA5E3B3A5991919A6D5556C4D9A960457D
:104EA0004644A6B7A356413B628F92946B555ED899
:104EB000CCA058474150AAB69B50453A678C958F75
:104EC0006C5761D7C7A55C493F4CA4B4A0594B3778
:104ED000608994916F595ED2C7A85E4A3F4AA2B4D6
:104EE000A05A4D3860879291715C5ED1C6A75E4C26
:104EF00040499FB3A15B4F395E869191725D5FD14E
:104F0000C5A75F4D40489EB3A15C50395E838F9129
:104F1000745F5FD0C3A75E4E41489DB2A15C513A19
:104F20005E828E91745F60D1C2A75E5042489CB190
:104F3000A15D533B5D808D90756160D0C2A75E50CE
:104F400043479BB1A15D533C5E7F8C90766160D0FE
:104F5000C1A65D52444799B1A15D543D5E7D8B90E1
:104F6000786261D0C0A55C52454798B0A15E553EBD
:104F70005D7C8A91796260CFC0A55C54474694B04D
:104F8000A25F57405D7A8891796361CFBFA45B5679
:104F9000484794B0A05D56416377878F7C6166DD9A
:104FA000B693555D435A97B4925551456F758D87A9
:104FB0007B5E77E6AE7C5662387197B17D5751546F
:104FC0006E6E8E867567CCB7995563564F88A794D9
:104FD0005C5E4E6B5F8683836B96DCA2675A6A3990
:104FE0007F96A56B6053615F768683738FE0A46BB9
:104FF000576B377C94A56E5E57605F708584768BA7
:10500000E6A3715365397792A879675B5C4F6D822F
:10501000877FD4BF9751514E4887A29C6F6B5857DA
:105020005273858591ECA9784C5A34708EA8836DA3
:105030005E594E667C848CEBB78F4E54385E87A5E4
:105040008F6E65594A61768188D9CCA0584D454606
:10505000819A99726B554B59758190E7C99B564E51
:105060003C4F7F9B95716B544958737F93EECA9F59
:105070005A4E344C7394927C765853516575B5F200
:10508000D08C5A4825587295898671555456647E3D
:10509000E1E1C2745437365D7F9184806158505E7F
:1050A0006FB7F3D79161452C4F6B8C86856B5A5245
:1050B0005B6594F0E1B16F4F2F445B808783775F2E
:1050C0005B576380DAE6C97D53383D567385807B34
:1050D0006260586177C8E8D68B593E37546A837D41
:1050E0007D66635A6071B1E9E29C60403753627D2E
:1050F000777B68665E616EA4E7E5AA654236515E1D
:105100007B767A6A6761626D97E3E6B56A423952E7
:105110005E7770776A6A64646D94E0E5B96C4239D1
:10512000525E746F766A6A66656D8BDBE4C774469F
:105130003A4F606E6C6F6B6A69666C80CFE3D880A3
:105140004D394961696E6B6D686B676A7ABFE2E3DE
:1051500091563A42616470666E686E696A73A3E044
:10516000E8AC643C3C5C6171646D686E6B6A708E27
:10517000D9E5C875443952616E666A696C6E6A6CAD
:105180007BC2E0E28F56384561666C656C69706A77
:105190006B72A4DEE8AD673C3D5B6170626C686F6A
:1051A0006C6B6D8AD4E4CD7B483A50606D666A6A58
:1051B0006C6F6B6C7ABFDFE291583A435F656D6745
:1051C0006D6A71696B7099DAE6B9714239555F7031
:1051D000686D6C6D6D6A6B7FC6E0DB895239455C2A
:1051E0006A6F6E71696E656871AADFE9A5633C3903
:1051F00057627571766B6C64666B91DAE9C17341C5
:10520000344E5C75757870676563677ECFE8D982C8
:1052100047324159727C7B7764655F6475BFE8E70C
:10522000924F3337576C807E7B65645C616EADEA6C
:10523000EFA256332F556985837F6660585F6BA157
:10524000ECF3AF5C322B5065878883695B535A69F6
:105250009BEFF7B75B2C234C6893958A65534954B1
:105260006AA8F8FBAE52261F4C6B98998B62504788
:10527000546CAEFAF8A34823225477A29C8758496D
:10528000455777CAFDEC82341E2B5F86A79B7E4F65
:1052900046475D82E1FAD969281E3C6C9AAA966A53
:1052A00045404C6BA1F9F3A6431E235A80AEA58856
:1052B000524143577BCCFBE3762A1E346F97B39C55
:1052C0006E413B4B6D9CF7EFA93F1A255E88B5A94F
:1052D000854937425D85D7F8D966221D38749EB856
:1052E000A26F44374262A6FCF59C3E1D205684B84E
:1052F000B68C5A38374B8CF6FDB64F201B4777B229
:10530000BB98633B37447BECFCC656231D4375B109
:10531000BE98623A37447DF0FAC151221D4577B2FA
:10532000C099623837457CEEF8C250211F487EB6DE
:10533000C08E5930394F9AFAF39C3A1D22608FC4BF
:10534000B87B4B2C3C5BBAFDEB7C2D1F2A6F9CC9B4
:10535000A86A3B324476E7F8C34C1F224C88BEC192
:10536000824F2C3B58B3FEEC7F2C1F2A6F9CCDA99B
:105370006A3A304475EAF6C14B20214B87C0C0829F
:105380004C2E3B5ED1F7DC622520367CAFCD915CA4
:105390002F3550A9FBED83301F2A73A2CF9B6232B9
:1053A0003251A4FAEA832D1F2B79A6D1965E3031B3
:1053B00053A4FCEB873120276F9CCF9F6C3A2F477B
:1053C0009EF1ED8C3F26226498C9A172403142BB08
:1053D000E8E4783D242B69A7C39A673A3350D5EBAC
:1053E000CC64331D437CC1B1844C2F3DA0E9E783DD
:1053F0003D23296EAEC2955B323466E6EFB3542B83
:1054000019538CCAA774412C49C5EED368311E3E8E
:1054100084C4B07A472C42B8F0DE703420317BBEB1
:10542000B9854F2D3B99F0E8833C252774B1BA86A6
:1054300053343EA0ECE17B3A282E7DB4AF7C4F354F
:1054400044B3ECDC7137283181B6AD784D354BC2B1
:10545000ECCB6232244795B99B613F387FE8E990F5
:1054600043292573B1B57E4F3543BAEDD66B37244A
:10547000358AB6A76E4B3368DEE7A55731195DA0B4
:10548000B08A643B41C2E1C46F421A3B8BAE9E724C
:105490004B3491DCDC8851292272A2A57C593C84D2
:1054A000D6D88F552A256F9AA07B5A4095D8D78990
:1054B000532B226E98A07B5C408FD8D68B53282626
:1054C00073989C795845ACD7C57B49193C849D910C
:1054D000724D51CED8B46D40124D8D9F8A6C466787
:1054E000D7D7A060321765939B815F42A0D7CA844B
:1054F0004F1934819891774F51CED5B0703F1053EA
:105500008C99886C4685D3CA935E2428718E947FCB
:105510005760C5C6A6733A195E82948C674CB3C5B2
:10552000B686541741788E91785187C8BE95632707
:105530002C6E8793805A72C8BE9E6D30226882910D
:1055400087605FC6BEA7793F1A5A798E8E6C5BBCA6
:10555000BAAB814A1E516E858F7466BCB4A7814B6D
:105560002352687F8F7667C0B2A6844F2350667D32
:105570008E786ABEB1A5824E2752647D8C7776C341
:10558000ABA279452C596680897482C7A79F713F69
:10559000305B6782867492BEA59A653D3D596A85E7
:1055A0008178B3AAA08D56394F586E887E82C79CE9
:1055B0009D7B4E38575E75857E96BD9C98654844A8
:1055C0005567808080BB9F9E845342535B71837E6E
:1055D00098B99999634D4854667E7E7FBD9B9D879F
:1055E0005347545B6D837E94B7969963564C5668C7
:1055F0007A7E82BC929D80564E555F6C81809BAFB7
:1056000097965E584E56677B7F8BBB919C715A4D27
:105610005263708088BC92A07E56544E5F677F852F
:10562000AEA29C90565D4B57637C829AB7959A6167
:105630005F495261738291C191A16C5C4B4D606B6B
:10564000828AC491A57B5554485E638187BB9CA424
:10565000865459455B617F86B9A0A4865459435C42
:10566000608086BD9EA587525B415C5E7E86B9A246
:10567000A48B535D405B5C7E85BAA1A58A535D3ED9
:105680005C5B8184C19BA886535D3E5C5B8284C366
:105690009AA985535C3E5C5C8484C796AA7F575662
:1056A000425A608783CE91AB745C4B4A57658986BA
:1056B000D090A96C60445055698B8BCC93A56465E0
:1056C0003A59516F8A99BE9D9B5A683260507986CB
:1056D000B3A8A98E5464355F55817FC897AF8255B2
:1056E000593F5A5C887DD48DB0755C494C54648DAB
:1056F00082D58EAB68653B594E6B8D8DCA96A35E85
:105700006A31614D748AA3B6A39654692E635181A0
:1057100081C699AF8153583E5A5E8D7ED98CAD6B50
:105720005F3F55506A918CCA979F5B6A2E644F7990
:1057300088B4A2A98853603B5D5F8A7DD28AA96D37
:1057400061405B506E8F91BE9A995A6D3066537D61
:1057500084BD98AB84545E3F5B618C7CD488AA6C1A
:10576000633F5C506E9091BE9A99596D2F67527E3F
:1057700083BF97AC82555A4459628E7ED18DA56302
:105780006A33644F7788B0A3A98953633B5D5D8C0E
:105790007BD588AA6A643A5F4F708EA0B0A48F53FD
:1057A00068345F5E8880D18CA86A623A5E52728EDD
:1057B000A9A9A88A5265375D618981D28BA76962E0
:1057C000395E52728EA9AAA88A5165365D618980B8
:1057D000D38BA76963385E51728EA9AAA88B5165D5
:1057E000365D608A80D38CA86962385E51728EA95A
:1057F000AAA88B5164365D608980D48CA869623810
:105800005E51728EABA8A98A51613A5A638C84CFDB
:1058100091A160682F62557C86C792AE7A564C4E35
:10582000526A9195BDA09455692F605C8582D38C96
:10583000AC6E5E3B5B50718FAAAAAA8B5061375940
:10584000628C84D290A46366306153788AC198AE2A
:105850007E525049526B9098BBA291556434596363
:105860008789CF91A16563335C56798BC694AD7AF5
:10587000544B4D506F90A1B5A58E54623556658737
:105880008AD092A06561335B57798CC794AD7A5307
:105890004B4C506F90A1B5A58D5362355666868BE3
:1058A000D092A16660345A57798DC795AD7B524C22
:1058B0004B4F7090A1B6A58E5361355566868CD03E
:1058C00092A1665E345857788EC796AE7C504C498C
:1058D0004F708FA3B7A58F5360355368858ED093D3
:1058E000A0655D35555B788ECB94AB7652444C54B5
:1058F000728FBAA1AD834D53434E6F8CA4B7A68F60
:10590000535E374F6B8395CA999D625E37506278BC
:1059100090CE92A87354434C57728EBF9DAD834D69
:1059200054434E708AA8B2A88F535F3A4D6D809849
:10593000C59B9C615F3A4D667691CB92A8725644A6
:105940004B5A718DC199AE824F5445506F89ABACA3
:10595000A88F53613D4D6E7F99BF9C9A60623C4D0C
:10596000687591C891A7715A464C5C6F8CC095AD13
:1059700080525646526F87ACA6A98D5463404E6E36
:105980007E9AB89C9860653F4E6A7490C490A570EA
:105990005E484E5F6F8BBE91AB7E56574A556E8602
:1059A000AC9FA98A566544516F7E9BB19D966069F4
:1059B00042506B748FBF8FA16E624951626E8ABB79
:1059C0008EA97C5A584F586D86AB99A7875966495E
:1059D000546E7E99AA9D93616C45536C758EB88FF9
:1059E0009D6E674B55646F88B78BA67A6058545C80
:1059F0006D85A893A6855D674E576E7E97A49C8F94
:105A0000626E4A576C778BB18F996D6C4D5A666F89
:105A100086B188A17866585A5F6D84A58EA482618C
:105A20006754596D7F959E9C8B65704D5C6A788636
:105A3000AE8C98716E5060617183A88AA37E666295
:105A4000595A6D81919F998B67714D60667982B0CB
:105A5000899C736E51625C7082A091A283656A52C8
:105A60005E677F82AE8D986F724B665B7480A88B89
:105A7000A47E6862595C688184AC8F976D744C67B2
:105A800058747E9D969E87696E4E655D7F7AB3855C
:105A9000A376705561576C8089AA94976B7447659B
:105AA00052767D9F9EA18F686C4762517B7DAD963B
:105AB000AA8669624A5E56807DBA8DAA797052556F
:105AC00057608082B78FA774734E5A57627E84B630
:105AD0008EA774754D5A57637C85B68EA572764B2A
:105AE0005C55667C86B48FA473754E5B59617C836C
:105AF000B18EA77A7257575F587E7DAE8FAA806E9F
:105B00005E5461547E7BA894A7876C685061537A79
:105B10007897A19C946E754F60586C7885AE8DA176
:105B20007677555C5F5D7A7FAA8FA6837064545E3A
:105B300053757996A69C9C75725158585C7682A6CE
:105B40009DA88E6D6A4E57526D778DB199A27A736A
:105B500054565A5A74809D9EA092716E58585B6735
:105B60007484A1979B8A72665D5C5C6C7988A3964D
:105B7000987F74615D60616F7C8E9A93907A716694
:105B800065636873798B948C8B7D726A6B666873BE
:105B90007888928C887D736A6B686A7479878E8A3C
:105BA000857C746F6D6C6D7379838987847D767362
:105BB0006F6E707278808786847E77736F6D6F7179
:105BC000777F8888878078736E6B6C6E757E878B25
:105BD00089847B746E6B696C727B848B8A877E761A
:105BE000706C6A6C717881898A888179736E6B6C4C
:105BF0006F747D858988847C76716C6C6E71788118
:105C00008789868079736E6D6D70757D84878682D5
:105C10007C76716E6D6F7379808586847F79747000
:105C20006E6E71767C828685817C7672706F707400
:105C3000787F8484827E797572717073767B8183BC
:105C400082807B777472717275787E8283817D79B0
:105C50007573727173777A8184817E7B77747473C4
:105C60007174797D85837E7B797476727272797AAC
:105C70008486807E7A7373706D70747A888D848662
:105C80007B70716C656B72778C938989816F6F6A99
:105C90006464737387988E8989706B6C5F5E716FB3
:105CA00083A3948F946E646A57576E6A81A99E94F9
:105CB0009D6E646757506B697DA2A993A17664605D
:105CC0005848656979A1B997A87F6057533E5E69C6
:105CD00077A4C69CB0855B535238596973A1CA9D9D
:105CE000B18D5A525335546C6C9DCFA3B19D58520F
:105CF00050334A6B6596CBB2AEAD5D544C374067BE
:105D0000648DC0C3ABB56A55463D345E667FB0D87E
:105D1000ACBE8C52443F2C48656E9ED4C4BDB05A74
:105D20004C3B313361668BBCE0B3C0785138382BC3
:105D3000536477A7DCBEC1A5544936313565658DFE
:105D4000B3E5B2C3805336382B4D6374A0D2C9C0BB
:105D5000B0584E313432646286A9E4B9C795523DD9
:105D600034333D67678EAFE9B4C77C522F38314E6C
:105D7000627396C4D9BEBB60502A3831605F7D9D86
:105D8000D9C5C5AC54472E38336A6184A0E4B5C781
:105D900099503D35373C6D678BA7E8B1C7845333C5
:105DA0003738466B6B8FA9E6B2C5815533353A4516
:105DB0006D6B8FA5E7B0C57E5730383A4A6B6E9051
:105DC000A9E4B1C379582F3A384B696F8DA9E4B172
:105DD000C37E592F3B3849696E8CA7E4B0C3815A02
:105DE000303B39486A6E8AA6E2B0C2865A343C39E2
:105DF000436C6C86A3E0B1C1935A393B393D6E695F
:105E0000829FDDB3C19C5B3F383A396A687E9BD084
:105E1000C0C0AC654A3137375C697A91B5D5BBB93A
:105E20007D562F3738496A7687A5DBB9BD945C3734
:105E300037383E676E7F9BCBC2BFAB6C4D35373A70
:105E400055667A8BABD3BBB88C5E393A38426470F6
:105E50007F9CCBBFBCA76C4E3B373C5665788BAA6A
:105E6000CFB9B49363413F3A415C6C7B94BBC6B8F5
:105E7000AD7C5A3F3B3D4D6173829EC6BBB7A06F60
:105E800050433C4354657385A4C3B8B5976A4D44E9
:105E90003C475968768AABC3B4AE8E644B46414CDE
:105EA0005C6B798FACBBB0A68764514945505E6B83
:105EB0007B8EA9B6ADA58664544B4751606B7B8E33
:105EC000A9B2A9A0846759524D56606B78899EABE0
:105ED000A49B8871605954585D68758495A9A39AEC
:105EE0008D77645C57575D6572808EA2A4998F7F11
:105EF0006B605D5A5B636B788698A19D928876682B
:105F0000605C5B626572808E999F948A7E70676424
:105F10006263667078808C94908A837A706D6A6709
:105F2000686D7379818A8E8D867E7A716D6D6A6BEC
:105F300071757B82868886817C7672746F727672C8
:105F4000757C8081847D7D7E7674787074767375BF
:105F50007C7F80827B7A7D7975797778797978789A
:105F60007C79777978747777767B767A7D7F7C79A0
:105F70007A7C7E7B787772767C7C7A7877777B798F
:105F80007B7A7A7D7C787A77787878787E7C737281
:105F9000797C7B7B7A7B7B7D7C7477797A797D7A5F
:105FA00073787A79797C78787B79767A7C777A7D60
:105FB0007A787976767B7B787D7E7A797A79797949
:105FC000787976797C78787777787C7A7A7B797843
:105FD0007878767A7C7C7B7976767B7B7B7C78762E
:105FE000797C7A7C76777D7A7A7C78787776797B1B
:105FF00077767A78777C7B7B7D7A727776797E810B
:1060000076747A7B7978787778767C7B797B7A7B03
:106010007B7878777D7B7778787A797C777A777AEE
:106020007F78747A7D7A797977797D7D77767574E2
:10603000797E7E7A787978797A797C7E7570767CCB
:10604000807E74787878797C777C7A737B7F7C7BB0
:106050007C77727877787B77777C7E7A7B757479BA
:106060007D7C7875717E817A787B7976757C827B90
:106070007B76737B7A7A7A7A7A7A7A787876757A96
:106080007F7C797775797A7B7C7D79797978787777
:106090007579837D787573767C827D76787C797767
:1060A00078797A787778797C7877787D7C7B797263
:1060B00075747B827C77777B7E77747D7E7A76764B
:1060C000757D8077767A7878787A7B7A7B79797B38
:1060D00075777F7A72767C7B817872767E7D777633
:1060E00075797C7D7C79737781777A807A7775781A
:1060F0007B7F7A73737B7A7A807D73767A7B78750F
:10610000747E7A777A7A817C76727A7E7A787879F8
:106110007B7E79737679807C72787D797C78747BEC
:106120007F757A7D7472797D7F7C7B777977757CDA
:106130007C7A7A77787B7B797979727D7D777D75CA
:10614000757C7E78777B7B7B74777E84796D717DBF
:106150007D7A7B7A7C77797D7677797D7E787679A2
:106160007C7A79787A7C73767B767C7779807D739C
:1061700070817D767C75747D7A797A77797D797690
:106180007E787A75797B787A777E76787B767E7979
:10619000767A7B756D7D7C7985766E807B7D827A63
:1061A00077797C7B7477777B76707A79747E807B65
:1061B0007F7C827976806C73787E747272797B7959
:1061C0007F7B8687827F78797573726E6B696E6F5D
:1061D000747B7C878F948F8D8179747069686A6015
:1061E000696E70797C89959B9692877B70706961E6
:1061F000615D5F616574788395AAAA9D9787736FC7
:106200006B64595B5C595F69757D89A4B4ADA298D4
:10621000847069655A514F4E525962757E90A0BF85
:10622000C4B2A291766360594B49484D565E737E65
:106230008F9DBDC7B7A5937D65615A544B494C519D
:106240005967768293A1C3C4B49F8B78625E5B5416
:106250004A494D565E6B7D8993ADC3BFAC92846C49
:1062600064615D5A4C4B5157636F7C898FA8C2BCE7
:10627000AB8D816D6365605B4E4C535B64727D8852
:106280008FA4BDB7A48A7B6F6867685F534F545E65
:1062900066727E848C9CB7B6A28A7B706A696A61DA
:1062A000554F545E67727C838A98B3B7A78B7B7017
:1062B0006D6B6A645850535B68717A828793ADB88E
:1062C000AD907C716D6C6A665A52525966707981D4
:1062D0008591A8B8B1947D716D6F6B685C5351570F
:1062E000636E7880848FA3B8B49A80726E6F6C6985
:1062F0005C545055616C777F838C9EB8B7A08372D5
:106300006D706D6A5D564F545D6A767E838B9BB768
:10631000B7A584726D6F6F6C5F564E535C69757E66
:10632000848D9FB9B7A2826F6C70706C5E554E53AE
:106330005C69757E858D9FB9B8A3816F6B70706C39
:106340005E554D535C69757E858D9FBAB9A5816E8A
:106350006A6F706B5E554E535C69767F8790A5BB04
:10636000B69B7C6B6C706D6658525156616D7B8527
:106370008B9AB2BBAE8A74696D6F6A60554F525A80
:1063800065737E8791A5BBB89E7E6C6A6F6D6759F9
:10639000504F55606D78848D9BB5BBAE8B72696C28
:1063A0006F6C5E544E515C67757F8995ACBDB79636
:1063B000786869706C64554E4F5964727C8791A5FA
:1063C000BCBBA27F6A686E6E67564F4E5763707C87
:1063D0008790A6BDBCA07C67676F6D66544E4E5813
:1063E00065737D8791A8BEBA9A78636671726B5B9C
:1063F00053535D68747C8693AFB8AA82665E6977F2
:10640000796B5F545A636E787F8A9DB6B59A745ED5
:10641000607078776358555F6A747B8595B4B9A7C7
:106420007C605B6A787A685A525C67737A8090AD58
:10643000BCB186655864777B6E5B515A66727A8010
:1064400091AFBFB1835F5464797C6C5A505B6773C2
:106450007A8092B3C2B2815B5061797E6D5B535D8D
:106460006A7176809DC4CAA8704A4B677C7D665865
:1064700058636D717588AECDC6935F424E6F817B58
:106480006353576571787D96C1D0B779463B5A7B87
:106490008972584F5B6F797C8AB2CECA9155364764
:1064A00070897E614E5368767B84A9CED5A15E3219
:1064B0003C6A8783634E5066757C83A7CFDAA864F5
:1064C000313664858A6B534E5E6D7782A7D2DDAA22
:1064D000622C2F628993755A4D57647285B0D7DE4E
:1064E000A45C272E638A95765A4D56647386B5DC74
:1064F000E09F53222F688F9272554B5665768FC757
:10650000E3DA8C401E3872968C6C504D59687A973D
:10651000D3E7D17D321B437A9A84664B4E5B6B8105
:10652000A8E0EDBC66211D55859A7A5E49516070E0
:1065300088BCE6ECA4501925648F957354495363C5
:106540007694D4EFDF86331338759B87694A4C58AD
:106550006980A9E4F3C2681E1751849D7C5C474F93
:106560005E708BC7EEEF9C4310266A97916F4D4982
:1065700055657BA0E2F6D1732210457F9F8161476C
:106580004D5B6C86BEEEF7AB4F101B609198755259
:106590004751617697DCF6E2832B0B36769F89684C
:1065A000484A576881B1ECFBBD5E1312548A9E7B4A
:1065B00058464E5E718DD1F4EF93380A296E9C9146
:1065C0006E4A4853667EA6E6F9CB6D1B0E4883A340
:1065D000845E41475B7492CDEDED983F0C24699D3C
:1065E000977448414E6985ADE6F4C36919104D8929
:1065F000A482583F48607B9BDAF1DD7F2709397E12
:10660000A78B6240455A7390C8EDF29E41081D6603
:106610009B9878514C546177ACE3FAB85A0F1453F5
:106620008C9783645D5A5C6AA1E0FEBF60100F4FD7
:10663000899885665D595C6CA7E3FAB14E0C1C5EC7
:1066400093947C6258586083CEF8DD7F1F073B7AB5
:106650009D8D6E5D57596BA3E1FAB24F0A1A62988D
:10666000987A5C56596BA0D9F5B04E0A1B679D9C71
:10667000785A53586C9ED9F8B6580C145B949D8187
:10668000635857679DD7F1AF4F101F5E9393826792
:106690005C596FB7E7DE8F2E0D366F9A8E7B64588C
:1066A0005D86C7F1BF69191752889987685A5A7B66
:1066B000BCE7CA78221347819E8C6D5A556EB5DFB0
:1066C000DE8D331035729D8F775C566CABD9D78DCC
:1066D00039173B74978D705A5B7DBCE2BF74261AE4
:1066E0004B80998A6B585D85C0E3B56A232052853B
:1066F00097876A5A64A0CBD391441F386E92927BDD
:106700005E6087BDDDA7632327568797856B5B6E29
:10671000ACD0C37C3720487C938C6D5C6FA3D1BE1A
:106720007D391F4B7C948E6A5E6AA5CFC1863B1F64
:106730004575948F6E606AA4C9C27F3D25497A93DE
:10674000866E5F7CB4C6B161322D5A86937B6962D6
:1067500089C1C5A2552B34638A9479646B94C5BFF3
:106760008646274576978B735D80B0C59F60283835
:1067700060909680606F98C2BA7942294B7C988A63
:10678000716384B3BA92562F436E909275677EA759
:10679000B6985F34436491927D657A9DBA9E6A395A
:1067A0003F5D8E8E80667B9CBB9B6C3840618E8C7F
:1067B0007C657CA3BC996B3341608F8D7D6378A031
:1067C000BAA1723A3C588793866C7291AEA57B460B
:1067D000384F7D9A937A7084A3A0824C3849799B74
:1067E0009A80717FA09F864E3B497895957C7384F3
:1067F000A4A1824F3F527A8F8675738DA9A47D4FD5
:10680000405A7A8F7D736F8EA8A880543F5675903A
:10681000837B6F879BA5865F404F6A918F89747CCD
:106820008C9F8B694449629095907778879C8F6E96
:106830004946608A938C78778A9D967150475F812C
:106840008F8177748F9D9E7557475F7C8C7C7772A4
:10685000909DA1775A48617A88797778969D966D50
:1068600059526F7A806E7783A19E8760545B7C7CDF
:106870007B677788A69F845F555B79797C6E798387
:1068800098988D726256666D817F7F7A838E988923
:1068900070505663848A82767A8A9B8F72505464D1
:1068A000848B83767B8B978C6C51546D868D83762D
:1068B0007D8C9386625256758A8D83757F8E918109
:1068C0005F5159778B8B80768191917E5E535D7C91
:1068D000878678778796907A5B576281838075790F
:1068E0008C988E7459596881857A757A90978C70D6
:1068F0005B5A6F7D8375737D9198896F5E5E727D43
:106900007D757082919A846D5D62747F78737389EE
:1069100094927A65626E797A7070819396816B62D7
:106920006D7C7C6F6B738F999075616673807B6DE6
:106930006B7A909988725E6674827E766F7E899398
:10694000816D5C65768A847E727D878B7C655B6AEF
:106950007C8C857A757D8A84766564728184807783
:10696000797D827C757073787D7C7A78797A7A7992
:106970007979797979797E7E7E7E7E7F7E7E7F8051
:106980007F7E7E7D7D7E7F7F7E7C7C7B7D7E807E2C
:106990007D8282807E7F7C7D7F807E7D7C7B7C7E15
:1069A0007F7E7D8084827E7D7D7C7E7F7D7E7D7B03
:1069B0007B7E807F7B7D8586807D7D7C7C7F807DEE
:1069C0007D7B7B7B7D7E7D797C8988807B7E7C7EE8
:1069D00086877E77787C7D7A7A7976798D8A817BD5
:1069E000817C7E85847C7D7E7B72747980869084B8
:1069F00070748F9280766E6C7C998E715C6C7D8CDD
:106A00009BA17560799B8C7A7468789491645B78AB
:106A10007E86928C5663B7D978475A7D74BBCA5C20
:106A20000556A6938B9B6D2370E5E2613F55798AED
:106A3000C3AF5423558DA9A4794C4C8CCAE2853040
:106A40001D92B9B6845F34408CD79B51406E9AD763
:106A5000D66F0E3EA5C5A47B462865B5C4774E47C4
:106A600071C7F39C27237FABC39B591D44A3C892D6
:106A70006741598FFEC35C0F5D96C0A7832A327AA7
:106A8000C3A17453507EEDD16E145993B3AA8234CE
:106A90003076C29B7C535278E8D97812508FB2AED0
:106AA000873E286DBAA87D535174E9D97D124C8F69
:106AB000B9AC87362D6CBCA87A515278F1D47910D4
:106AC0004D8FBAAD86352F6EB7A57A535584F8C76A
:106AD0005F135C99BDA77B2C3781B59C71535B9E7E
:106AE000FBB7411E689FBBA3712A3F87AA9B7656BE
:106AF0005ECADD9B274375A4B09C53315590A59386
:106B00006B548EEBBD4F2D618BB1A77C353F769ECC
:106B10009F7E5A69E1CB7D274F7BACAD8D403969B3
:106B200098A1845D62DBCF92274672A5B19850365A
:106B30005A89A18C6A64CACF9729446FA1B1A06019
:106B40003F5078948C7473DDC083204B74A4AF9F46
:106B50005F425079928A757EE1BB6E24537FAAA969
:106B60009050475C89907D6FC3D29D273D6F9EAF4B
:106B70009E69444E748F877587ECB85F21547FAA55
:106B8000AA985948537C857D89E9C47520476E9C35
:106B9000AAAA6C4E4671817C83E4CF8C1F4066911B
:106BA000A6AF7A5341697F8089E3CA7F26466893FE
:106BB000A7AC724D456C7F8396F6B965244F6F99EB
:106BC000A7A86B484B717F82ADEFAD42305C7FA0D0
:106BD000AB90593D627E808AEDC5781D4B7197A4BC
:106BE000A8704548728083B4EFAB372E5C80A3B2A7
:106BF0009653385B7A82A8F7BA4B2451749EB6AA92
:106C000060334F747F99FBC5641C4B6C94B0B56CBA
:106C1000364773819BF5C65F1F4E7197B0B05E33E8
:106C20004E7A85B1F7B7402458769BB3AB543452B3
:106C30007782C5F2B0342F54719FC09F4D3B576C83
:106C40008DFADB7929425383B2C77243475D6FC621
:106C5000F7BE3D344C6399C6A34F3F586797FED2A9
:106C6000612D4A5C8FBDAE563F56688DFED66C28AE
:106C7000495989B6BD5E3E506680F3E0882640568D
:106C800086B5BC633C4B6893FBD96E27415C97C2C9
:106C9000AB52374E6FAA00CD5528435E9DC6A1501A
:106CA0003B4E6DC9F9BA44333F69AFC38149405483
:106CB00098FEDC6A37394A94CB9E5B444764E9EF1F
:106CC000AA3C3B3971B6BC7349455CC6F5B94D3A2F
:106CD000396CAEB2764C4660DFECB04439386FB2F6
:106CE000B2764A455DDAEDB6483C366EAFAD724FCE
:106CF000496DE8E49446413888B0985D5250A1F659
:106D0000D064413E499DAD87565154CFEAB75646AF
:106D10002F64A5A4755A4B89EAD17F51363D91A3C2
:106D200089685260E9D9985A4825799F9A705C4DD4
:106D3000C2E0B7684F285B949A7A635DBFDBAD69A8
:106D40004B2A658B90786366E6D09F6049246E8BF2
:106D500090756369E7CF9D5F47246A898F77698A59
:106D6000E4C48E593A30698C8A726BC6D5B37952B5
:106D700026476F8D867173E4C7A36C4B20567A8CBF
:106D80007E74A4DCB78D56313A66828B7886E1BC7E
:106D90009E6B44255779897E78C4CEAF87512B42AC
:106DA000667F8B7EA1DAB3965D39355B748985A1E8
:106DB000D9B29A633C33546F868595E4B1A072458D
:106DC0002C4E6B80868EDCB3A57B49304C687D876A
:106DD0008ED8B0A77A4A354B697C888EDCADA77D0A
:106DE00049354A6879888DD9AEA7804B3A4964768F
:106DF0008A90D7AAA57E4E3E4A62768A94D9A4A4E8
:106E00007A4E414C61768B94DAA3A3794E424C6161
:106E1000788B98D9A1A4724F434F5F7C8DA1D49FEA
:106E2000A3674F43525F808EABCE9FA06050425409
:106E300060828FB5C5A29D5A51415461838FC0BAFB
:106E4000A69854524155648490CAB1A993525141B5
:106E500055678592D1A9AA8B515044566D8896D416
:106E6000A0AB7C544B4A56758CA1CF9FA76B58445E
:106E700050597A8EAFC3A4A15F5A41535D7E90BF33
:106E8000B2AA97595A4255648291CBA3AD8A5856FB
:106E900046566B8593D09DAD7F5B504C5672899A58
:106EA000CB9DA972604A5158768AA5BEA3A167649A
:106EB00047565B7A8BB2AFA999616446585F7E8C66
:106EC000BEA3AC8E5F5E495964838EC59CAC83645F
:106ED000574F5A6A8692C49AA9776A505459708853
:106EE0009BBD9FA46E6C4B58597689A4B2A49D6932
:106EF0006D4B5B5A7988A9ABA698696D4E5D5B7A3C
:106F000088AAA7A795696B4E5E5C7C89AEA2A89003
:106F10006A6951605D7D88AD9EA78E6C6B54625E20
:106F20007D87AA9EA58F6D6D55625D7D86A89EA505
:106F30008F6E6D57635F7B86A59EA2906F6F5B64BB
:106F40006078849EA09F9371725D6462768398A33B
:106F50009C9573755F6464738192A3969879766645
:106F600067676E7E879C9398837774676A6D787E77
:106F7000939A918F7A78676D6C707D8A9A8D9780DD
:106F800078706E6C6E797F8F94918D7E7A706F6E53
:106F9000717882909191897D78716E6F727A859205
:106FA0008E8F847D76737072767C858C8D8A837EDD
:106FB00078767474767B81898C88857E7A7775740F
:106FC000767A81888C89867F7A76737274787F87E7
:106FD0008D8C8A837C77727171757B848C8F8D88A0
:106FE0007F79737070737881898E8D8A827C7672D6
:106FF0007172767C848B8D8C87807A7573727478CD
:107000007E868B8C8A847E79747273767A81888C82
:107010008B88827C77757374777C82888B8A858075
:107020007C77757475787D83888A88857F7B777592
:1070300075767A7E84888986837E7A787776787B7F
:107040007F84888784817E7A787777797C8085874A
:107050008684807D797977787A7D81868784817F3F
:107060007C797A77787B7F838985837F7D7A7A794B
:10707000787A7B80878883817F7C78797677797D41
:1070800085918B84817D7474717175798597948CE9
:10709000847D78706A70717581919D9385807C6C18
:1070A0006B6A6E74798EAB9D8E81796B5F5D6C704F
:1070B0007391B6AC987F786C55576A6D718EB5B682
:1070C0009E7F7A6F5255646B7287B1C6A882786DC5
:1070D0004C4D5B6B7483B1D6B386766A4847546A6D
:1070E000757FAEDBB78B766A4B474F6A767DA8DD3E
:1070F000BE9374674E464968787A9FDDC79C736477
:107100005145456779789ADACBA474645445436550
:10711000787896D4D0AE756056454262777A91CC35
:10712000D4B8785D5645435F757B8EC4D8BF7D5E0D
:107130005744445C727C8CBAD9C585605544485725
:107140006F7D87A9D9CC956653454B506B7D839C49
:10715000D7CFA56D53474A4C697B8096D0D1B37485
:107160005348484A66797F91C5D3BF7D5649454A01
:1071700062757F8DB9D5C8875B4B414B5E727E8847
:10718000AAD8D19763493D4B56707D829AD7D8B122
:107190006F493C474D6C7A7D8FCADBC67D4F3F41BE
:1071A0004B67767D88B4DCD4925B433A4C5C727D4D
:1071B000829BD7D8B06F473948506E7A7D8EC5D93B
:1071C000CA83513E3F4D66747C86AADAD69E6343DD
:1071D000374C57717A8093CED7C17B4D3B434F6B71
:1071E000747D87B0D9D5976041384E5B727B8195AD
:1071F000D2D6BB754B3A474F6C767E87B0D9D397C2
:107200005F42395059737B8192CFD5C0774C3B4652
:107210004F6C757E86AED9D3985F433A505A737AD5
:107220008092CFD5BF774C3B46506C757D87AED9E9
:10723000D3995F433A515972798091CCD5C27C5031
:107240003D455068737C85A3D7D4A769483A50540C
:107250006F767D8BBED6CD8A57423F526071787F64
:1072600093CFD6BE7A4F3D48556971777F9CD6D76C
:10727000B370493C4F566D717783A9D9D5A2664842
:107280003E53576D727885ADD7D29F684E435254A6
:1072900069717982A4D6D2A66D5143505168717933
:1072A00081A1D7D4AC7254454C4F6171767D93CB9C
:1072B000DBC2885C4E434B536B737983AFE0D3A43E
:1072C0006A5543484D6072757B97D5DCBC845E532C
:1072D000464B53656F717EA3DDD7B3806056454C36
:1072E00052666C7081ABE4D0AB786253484F5567FF
:1072F000687285B1DEC8A4806A5C4C50555E656ECC
:1073000080A1D1CEAB9072654F4E545A646B7C977E
:10731000C4CEAD957C6F5B5457595F677689A5BD28
:10732000B19C8F8272615C5A595F6B7B8CA5B9A846
:10733000988D7F6F615F5C5C63707F8FA6AF9D935C
:107340008A7E706664616268747E8CA0A898918A57
:107350007F716866636469757F8C9FA596908A7E4D
:10736000726A6865666B767E8A9B9F928F8A7F744D
:107370006D6A66686C767E8A9B9F92908A7F736C3A
:107380006763646A757F8EA2A697958B7C6E676033
:107390005C5F68758194A9AA9A988B7A6C645C5931
:1073A0005D66758399B2B1A19E8A76645A4E4E523B
:1073B00061758AA7C5BDADA5866E5B4F43484D621A
:1073C0007991B1CEBCB2A3806755463B4549637DF8
:1073D0009AC2E0C3BEA1765A4A35323E476886A8B3
:1073E000D8E7C7C0966C50432D333C4D6E8DB5E643
:1073F000E3CBBE89614738253439527695C4F8E12C
:10740000D2B87A54402D21363A5A7FA0D3FEDAD131
:10741000AA6F4C3D2624373F6385ACE1FBD6CE9A5C
:10742000654539202B37476D8CB9EFEFD4C7885CA1
:1074300041351E3437507594C2F9E4D4BE7C553FB3
:10744000321E393957799AC7FCDCD4B575513F2FB4
:10745000213C3B5D7DA0CEFED6D2AC6E4B402B26B0
:107460003E3F607FA4D2FED5D0A66A49402B293F7B
:10747000406180A6D3FCD3CDA26848422B2D404268
:107480006381A7D3FACECCA26849452D2E43416231
:107490007FA2CFFBCBCDA5694B462E2E4440627F09
:1074A000A1CEFBCBCDA76A4C47322D44425F7B9CDB
:1074B000CAFACBCBAE6E50463A2B43435D7897C5A4
:1074C000F8CECAB37253453F2B4243587490BEF076
:1074D000D6C8B9815B454A2C3D45506B86AEDCEB86
:1074E000C1C099614A4D3236464A6381A0CBF6C08D
:1074F000C5AB6C5649433041485A748DBAE6D5C184
:10750000B68C624852353845506781A5CCF2BBC174
:10751000A96B5649432E3D495B7590B7E1E3C3B96A
:1075200099654549312A404C66819DC1F5D1C6B562
:107530007F5E3C47292F4855708BA9CCF8C0BFAF60
:107540006E5842432A364A5D738EAFD0F1BAB8A85E
:107550006A4E493E28404B657893B5D9E4B9B69B4D
:107560006A474F3D28494B667A96B0CDEBB4B4A23A
:107570006C4E4F41264B4A637894ADC5F0B2B3A62A
:107580006B514F45284A4F5F768FA6B3EFB8AEB127
:107590007766475536355B556C869EA4E0CFABB217
:1075A0008B6F425E42285E54657A9B9AB3EBACA91E
:1075B000AA7C5652642A476552747F9B97BBDFA40E
:1075C000AA9D764C5C5B2855695973969293D9C1F4
:1075D0009FAD90694F6A4935685E607E8C9591CF0A
:1075E000BD9CA98F684F6D48366F5F60828F8E9407
:1075F000CEB49BA68E68566B5244627361778F8BB4
:1076000084B8C194A697735C656346577C60708E9E
:107610008783A7C19B9D9F7864626B4D58736C6D87
:107620008191799CADAD8FA384735E6C6447756E58
:107630006F73947C8DA1B493949A73666B6C53664C
:10764000737470838E7D93A89A918F8D6A69736429
:107650005B7376717D878782A19D928D91756C7524
:1076600068646D79737A84847D9294878B8E7D7241
:107670007C736A707D767785837B879186858A8522
:1076800076797B71717A7B787F817F81878784842B
:10769000837E7A7B7877797B7C7D7F80818285830E
:1076A00083817F7C7B7A797A7B7C7D7F7F7F8183FE
:1076B0008281817F7D7C7C7B7B7D7D7D7E7F7F80E9
:1076C000818180807F7D7D7D7D7C7D7E7E7E7F7FD4
:1076D0007F7F7F7F7E7E7E7E7E7E7E7E7E7E7E7EC6
:1076E0007E7E7E7E7E7E7E7E7E7E7E7E7E7E7E7EBA
:1076F0007E7E7E7E7E7E7E7E7E7E7E7E7E7E7E7EAA
:107700007E7E7E7E7E7E7E7E7E7E7E7E7E7E7E7E99
:107710007E7E7E7E7E7E7E7E7E7E7E7E7E7E7E7E89
:107720007E7E7E7F7E7E7E7E7E7E7E7E7E7E7E7E78
:107730007E7E7D7C7B7B7B7B7B7C7D7F8082848669
:107740008786868482807D79777473727273757888
:107750007C8084898D9090908E8A86807A756F6BFC
:107760006968696B6F757B828990969B9A98958FF3
:10777000887F776F68625F5F61656B737C868E98C8
:10778000A0A7A5A19C938A7E73685F585556595F40
:1077900067727D8A95A1ACB2AEA9A19589796D5E1B
:1077A000544D4A4D525B66758292A0AEBCBBB7AEDB
:1077B000A2948372625349434449515D697B8A9A1A
:1077C000AAB9C3BAB4A7978A7568574A44414850C2
:1077D0005B67788798A8B9CAC1BCAE9D8F7669549B
:1077E000453B363D475363778A9DB1C6D5CBC1B182
:1077F0009C896F5F4A3B33323D48576A7C91A3B9FD
:10780000D0D5CCBFAB957F685541353034425163FC
:10781000778A9FB3CDDECDC9B09683675940362FA6
:107820002F3F4C607586A0B0CBE1D0D2AD997F5F81
:10783000563633292F414D6F7D98AFBDE8D1DEC25A
:107840009994605E3F3030223943597B83A9B5CD8E
:10785000EDCDDCA89778594E2F3022314051787DFC
:10786000A6B3C4F6C4EAAB9A86535A2D32252840F3
:1078700048717D9CB4BEF3C9E9B39A8954572D2F42
:107880002527434A767EA4B7BEF5BFE6AA96835560
:107890005632342B324753787FA5B0C7D9CAC59E1C
:1078A000966B654B3C3D32494C6B7791A7AFE4AD8D
:1078B000DEA3948E5D634340373C4A567679A3A994
:1078C000C8CCCABA9A9664674A3C3E374853727429
:1078D000A1A6BDDCBBC99E9770684F3B4131464EA7
:1078E0006A7499A7B9DFBBCEA09870654D383E3158
:1078F00044506E74A2AAC1DBC5C4A199686748351B
:107900003D3045536E7EA2B2D3C9D7B49B8C5E5432
:107910003D3132384E62799EB1CADBD2BFA7966044
:10792000613E2B382C44596E94A7C1EAC1DEA99858
:10793000725E402B342542546995A5C2F0C0E5AA79
:1079400098745C402B33253F536992A2C0EABEE590
:10795000A798755C442F3A2B4C5A6F9AA5C2DBCA84
:10796000C1A2965B613E2D40305560799EAFCFCA73
:10797000DBB09C8E54553332343E5C6798A5C7DD2E
:10798000CFCBA1975A573526382F57638BA2BBEC24
:10799000BDE5A99573523F24362A4D6280A7B8E70A
:1079A000CBDDAD946C4F3921322C51648FAAC1F0DC
:1079B000C7DDA891644D36213330546793ACC8E2DB
:1079C000CEC99C885847322B34456080A1B9E1C5A7
:1079D000D6A88D6B523A2D373A596B93AAC5CFC8AA
:1079E000B3948459544340495A6C869EB1B7B5A1AB
:1079F000927E60614F4D57626F8999ADB3ACA18F94
:107A00007E666453515C61708895A9AAA59A897CA9
:107A100069635B59616B788D98A8A0A38F837966A1
:107A2000615D5C646F7D8C9AA39C9C8A80766B659B
:107A300064666C76828C9698958D857C7270686B86
:107A40006C737B8590939492888379736E6C6E705F
:107A5000777E858F8F8E8B847F7876717273757B3E
:107A600080868B8B8B85827D7876747374787D812C
:107A7000878A898883807C79777777787B7F82850E
:107A8000868583807E7C7A7979797B7D8083848406
:107A900083817F7D7B7A7A7A7A7C7E808283828101
:107AA000807E7D7C7C7B7B7C7D7F80828281807FF1
:107AB0007E7D7D7C7C7C7D7E7F818281807F7E7DE2
:107AC0007D7C7C7C7D7E7F808181807E7E7E7D7DD5
:107AD0007D7D7D7D7F808081807F7E7E7D7D7D7DC3
:107AE0007D7D7E7F8080807F7E7E7D7D7D7D7D7EB5
:107AF0007E7F8080807F7E7E7E7D7D7D7D7E7E7EA2
:107B00007F80807F7F7E7E7E7E7E7E7E7E7E7E7F8D
:107B10007F7F7F7F7E7E7E7E7E7E7E7E7E7E7F7F7F
:107B20007F7F7E7E7E7E7E7E7E7E7E7E7F7F7F7F6F
:107B30007E7E7E7E7E7E7E7E7E7E7F7F7F7F7E7E61
:107B40007E7E7E7E7E7E7E7E7F7F7F7F7E7E7E7E51
:107B50007E7E7E7E7E7E7E7F7F7E7E7E7E7E7E7E43
:107B60007E7E7E7E7E7E7F7E7E7E7E7E7E7E7E7E34
:107B70007E7E7E7E7F7E7E7E7E7E7E7E7E7E7E7E24
:107B80007E7E7E7E7E7E7E7E7E7E7E7E7E7E7E7E15
:107B90007E7E7E7E7E7E7E7E7E7E7E7E7E7E7E7E05
:107BA0007E7E7E7E7E7E7E7E7E7E7E7E7E7E7E7EF5
:107BB0007E7E7E7E7E7E7E7E7E7E7E7E7E7E7E7EE5
:107BC0007E7E7E7E7E7E7E7E7E7E7E7E7E7E7E7ED5
:107BD0007E7E7E7E7E7E7E7E7E7E7E7E7E7E7E7FC4
:107BE0007F7F7E7E7E7E7E7E7D7E7E7E7F80807EAF
:107BF0007E7E7F7E7E7D7D7D7E7F80807F7E7E7EA1
:107C00007E7E7D7C7D7E7E8182807E7E7D7D7F7D91
:107C10007B7B7D7C8384807E7E7C7C807D7B7A7E8A
:107C20007B8386827E7E7C7A7F7C7779807C888E5F
:107C3000847E7F77757C76737B82819392847F7C50
:107C400071747870747D81889C91878271676E6B86
:107C50006C7B7B87A6AA9A9A6D555B5E547D7B7779
:107C6000A8C4AAA98B4F4A564F6783748EC1BBA77D
:107C7000A865414B564E80847AA7D4B2AA89472B77
:107C80004F516A8F818FD3C5AA9E5A1F4354558C7A
:107C90008B81BDD5AFA8712C30525381937CA4DA6F
:107CA000BAA989381E4E567698818ED7C3AD9648AC
:107CB0001746536C958A7FCDCAB39F5F18385465B9
:107CC0008E9276B4D3BAA575232553608799789799
:107CD000DAC0A98936164C5C7D9A7F82D4C5B199E9
:107CE0004D0F3F5C73968B74BAD0BBA56C182658A9
:107CF000698D9A748FD7C5AD8936124A62819D7F8E
:107D000075CCCAB49F580C365E7499906CA4D1C0DF
:107D1000AF7E201954668DA27574CEC8B59C4E0AEC
:107D20003C607CA18965ABCFBEAF77171E596D95BE
:107D3000A16F72CCC8B79D4A053D6880A38F5E9B3A
:107D4000CFC4AF7B1C18576F96A46F67C7CAB9A181
:107D50005103366A81A4945B86CFC9B5882A0B4F3C
:107D60007493A97A54AFCEC2AC6A0822687EA19FF0
:107D70005D66CDD3BA953E01458094A47F4786D9F0
:107D8000D5B1771C1267919E9A6243ACDCCBA35CA1
:107D9000052C8096A08E4D56CCDDBB8D3B014D94BD
:107DA0009D9C773E7ADCDAAC731C116E9DA1965DCA
:107DB0003DA8E1CC9D58052E899E9F89484DCAE279
:107DC000BD8B3F024A9AA09A793E66DAE0B07C2CDD
:107DD0000860A1A0966A3A84E1D9A66C191675A329
:107DE0009F915A3BA3E4CF9C5E0D2484A39E8D52A9
:107DF0003FB5E5C8965507308DA29D884A46C5E433
:107E0000BF8F49033F97A09A804255D4E3B6843A86
:107E100004509EA097753D6ADEE0AC792B0961A302
:107E20009F956A3A81E3DAA56F1D1270A29F935F56
:107E30003B95E4D5A368151A76A0A0925A3C9DE321
:107E4000D4A263111F7BA0A091563DA7E3D09F5EF3
:107E50000E237EA09F8F553EA8E3D1A0600F227B0A
:107E6000A09E90583DA2E4D2A163121F799F9F90DB
:107E7000583DA1E3D2A16411207A9F9E90583DA263
:107E8000E4D2A06211207A9F9D90583EA3E4D2A133
:107E9000631120799F9D90593D9FE4D4A166151BE5
:107EA000749F9D92603D90E3D8A76F1E12699E9DBE
:107EB00095683C7FE2DCAC77260C609F9F976D391C
:107EC0006BDDE2B7802F0452A1A79D77384DCDE737
:107ED000C68E3E003F99AAA3823F3CBAE7D19A4E94
:107EE000032D8BABA58C4C339CE4DCA7641116727C
:107EF000AAA797603171DEE5B67B270457A4A99E37
:107F000075364FCFE7C68F40003B94A9A38845390B
:107F1000ABE5D8A3600C1B77A9A6965F3376DFE4A8
:107F2000B67C270554A2A79F78394CC9E6CB964862
:107F3000013188A7A5904F3797DFDEAF6F170F602D
:107F4000A1A69E6F375CD2E5C7903D00398BA4A6F1
:107F50008C4A3CA5DFDCAC691213619CA5A06F3B89
:107F600061CFE3C99441023382A0A78F4F3EA0DDC9
:107F7000DFB06C15125E9DA59B6A3A5DD1EBD19185
:107F800041043081ABA2844E3B81E9EFBF752708E5
:107F90004B97AB9B734046ACEDE7A95F131761A20B
:107FA000A693663B56C9ECDD9B4D0A2570A5A28CB5
:107FB0005B3C6ADBECCF8B3D08367FA59E8353414B
:107FC00080E2E9C481340D3F82A29A81544585E064
:107FD000E5C382350F4080A19A81534788E0E4C110
:107FE0007F3313437F9F9880574A81DADFC68C42E4
:107FF000173C6E979A88644C67CBDBD19F551A313A
:1080000061909D8D6B4E5BB4DCD6B06A2527517FA5
:10801000A39678594D7ED8D6C993451C3F6496A344
:108020008A674D5AB7D7D3B2662530517BA5937670
:10803000605178D5CCC69B5026465983A186716184
:10804000578CD7C4C28A432D4F5E93987E6C5B5D7C
:10805000B1D0C2B870363D59689C8E6F685C65B30C
:10806000D6B9B66E3B4161669A8E6A675F64ADD8D9
:10807000B5B87140436264958D6B6A65659BD9A9FB
:10808000B8824F47635F81946B736A6480D5A6B9E9
:108090009D574B5D60709671736B6879BAB5B0ABE4
:1080A000635D536364897A6F706F768ED395B585FF
:1080B0006256646273866B786B7383C0A0B2A15DF5
:1080C0006C5863688071746B787F91CA92B07B6FD3
:1080D0005C656770786D776C7E85BE98B09C5F78C4
:1080E0005A656B776D77697E858FC291AC757861C3
:1080F000666B6D736C73758182C48BAA99627C5DAB
:108100006A6D6F6E7866848791B98FA7727E646A94
:108110006C6C716E72788584BA82AD8A68855C7089
:1081200071697176688B8196AF89A57181696B7071
:108130006B726C78768789AB8BA2837B7B5F805E6A
:1081400072746D7588819D9E8CA56C847166726A4F
:10815000706B797A858FA190A17D8773687369654B
:108160007570738C7DA8909C947F7B707261726730
:1081700072708481959B96A08089736D676D607025
:10818000707886879C9C9B9293707A686169636F14
:10819000727E879494A39A8D8B7273616A606A6E03
:1081A0007782869A97A392977D786E63675E6F6AEF
:1081B0007B838B979AA29094797B646865606F6FDC
:1081C0007B8390939F97998A7D7A676A626A6676C5
:1081D00078838C929D929D8782786B6B626C6577B9
:1081E00077838B919B929B878578706D646D6775A3
:1081F000748288899791968E877F7273636F677098
:10820000767D848793919393868674776A6E6B6F7D
:1082100075778084898E8D94878A8079756F716C6B
:1082200074727B7F828A8D8B9187887D7C7372725A
:108230007075767B808287898A8A87837F7A797551
:10824000757575797B7E82858788888682817A7A42
:10825000767676767A7B7E818385868584827F7D3D
:108260007B797879797B7B7E808184848483817F2C
:108270007E7B7A797A797B7C7E808083838382811E
:108280007F7E7C7B7B7A7B7B7C7E7F80818282820F
:1082900080807E7D7B7B7A7B7C7C7E7E8080818102
:1082A00081807F7D7D7C7C7C7C7D7D7E7F7F8081ED
:1082B00080817F7F7D7D7C7C7C7C7D7E7E7F7F80DE
:1082C0008180807F7F7E7D7D7D7C7D7E7A767B7CDC
:1082D0007D797F7E7D7D7B7E7C7D7B797B797C7BE0
:1082E0007B7A7E777B7F777F7C7A7D7B797F7677E1
:1082F000797A797A797E7B7D7A7F807C81797D7FBE
:1083000074787E76787A7C797E837C83797B8072C0
:10831000777E7475797C7B828680887D7A7D7273A6
:10832000726E73737980898B8A8E807B79716F6BA3
:108330006A727178838E908F92847B786867615CB3
:10834000676B78889EADA0A29078735556504A5BB3
:1083500065798FACBFAAA993766F4F514B4658658C
:108360007B95B8C8B2AC9073604A483B465165846F
:108370009FD5D0B8AF81704E4343314A526C8EAA1C
:10838000E4C9B7A8776746403D344D56799AC7EEA1
:10839000C3B28F6B4F393B3441516D8BB5EDD0BFBC
:1083A0009C7461394137375258809ED3EEC3AA81FD
:1083B00065453A39364E557997C8F8CCAE84624B4C
:1083C0003639374A55728EBAF7CFB78A6457373E77
:1083D0003B4A5B6B86ADEED4B686625B3E42415350
:1083E000606F85ACEECFB07E5E5A3F434156617000
:1083F00085ACF0D1AF7959534243435964768BBE73
:10840000EED69D6553424A3F4860697F96DBE4CED5
:108410008856543D4C4050627284A2ECDEBA7448D7
:10842000464545475A6B7F92D2E6DB8C4E47364F26
:10843000415364788BA8EFE2B56D403847454E5DF7
:108440006D8399E2E4D28040363A4C505C697D9667
:10845000DCE5DE8945372E4F4D5D647891C8E9E54E
:108460009853382B514E5E62748EC6E5DF945237B6
:1084700030545460647590D4E0DC8A4C37305555E4
:1084800060647590D7E1DC87483332545B60677A6B
:1084900095E3E1CD793C2B405064606982A1ECE327
:1084A000BB6C36244A4D68626B88B3EBE7A55A3043
:1084B00021505768687691DAE3D4803B21384E6BBF
:1084C000666D86AEEAE7AB5D2D1A4D556D6B758F07
:1084D000D9E2D9823C1F324F6E686F85B7E8E99EBA
:1084E00053241D4D626C6F7A9AE8E6C5702E1841D0
:1084F00051736B718DD2E7E1863B1B2C50716D6F10
:1085000086BEEAE896471C204E6C6E707FACEBECA2
:10851000AC5920154B617271799CE8EAC26A241249
:10852000415A76727594E0EACF7428113957777200
:10853000738FD8E9DC802F122E537672718ACFEABE
:10854000E388331129537473718BD2ECDF832D0FC1
:108550002D567675728DD7ECDE802A0E2D577774E6
:10856000718FDAEED879240C335C7974749AE3F461
:10857000C265180B41677A7379ABEAF7AC51120EFA
:108580004B6E7B737EBCE9F3993B0D1555797F7873
:1085900086D0ECD97D1E052E62877E7CA0DBF7B2EB
:1085A000580F0547708A7C7EBFE0EF933108155A5B
:1085B00081857C8BD5F0CA701301396A8D7E7EB0BF
:1085C000DDF59D3E080C557D897D85D0EAD57A176D
:1085D0000130688E817EACDBF39F3B040F5A858AA5
:1085E0007F91D2F4BF610B00457493807FC2E2E4B7
:1085F00088210023648D827EA8DBF6A341050C59F7
:108600007F867E93D9F5BE5D0A0247728C7B84CD4E
:10861000EBDF7D1A002B688C7D7FB9E3F1922D0092
:108620001A6089827FADDFF39C3500125D888480FB
:10863000A6DCF8A7420108568188809AD9F7B6527D
:1086400004034E7A8C8295D7F4BC59060249778D83
:108650008294D6F3C05D080144748E8290D3F0C733
:10866000660D013F6F8D828ED1ECCC6D13043A6B99
:108670008B818DCDE8D173190634678A818BC9E56A
:10868000D87A1F072F6488808AC4E2DC7F250B2BF1
:1086900061847E89C0E0DE842C0E285E817D88BBEB
:1086A000DEE28B330F245C7E7D87B5DDE5903A12E8
:1086B000225A797C86B0DCE59442162258757B8577
:1086C000AADBE69A49182055727B84A5DAE6A15008
:1086D0001A1F536E7A81A0D8E4A5561E21516A79DB
:1086E0007F9CD7E2AB5B21224F67797D98D5E1B2C1
:1086F0006123234C65787B94D3DEB66628264A63D3
:10870000767892D1DCBB6A2C29476175768FCEDBF7
:10871000C16E3029446073738CC8D9C775372D403A
:108720005F6F7088BDD7CF7F43313B5D696E82AD8F
:10873000D7D58E5031385B646E7DA2D7D59A593427
:108740003958606E7899D4D1A461393E555E6C7306
:1087500092CFCEAF683D40505E6A6E8DC7CEBA7084
:1087600044434B60656B85B5CEC07F54484A625D1B
:1087700069799ACEBF9A654A505B5D666E8AC1C1BF
:10878000B172505450615E6982AAC9B98662544F71
:108790005D55647693C6BAA774595C5057586A837E
:1087A000A8C7B58A6A5A525952627591BEB6A67860
:1087B000616254595A687C99BAAC957766645B5883
:1087C0005E6D7D9CB7A68D7668615D58607183A1F2
:1087D000B1A184746C60605D6473829CA89A847893
:1087E0007166636066737E95A699867A7268656124
:1087F00067737D92A195847B746B69676A747C8CC6
:10880000978D837E78716F6C6E747985918A857F80
:108810007A74706C6E727784918D89827A746D68C7
:10882000696C7382919691887E766B6665656E7CC5
:108830008D9B968F84786D6863636B768799999327
:10884000887B71686262677182959C988D7F74687D
:108850006361636C7C8F9E9A9285776B66616168B9
:1088600076889B9C968A7B70676161646F80949E1A
:10887000999082756964606169788A9D9C96887A0E
:108880006E666160657082969F998F807468636080
:10889000616A788C9E9C95897A6E6661606470824C
:1088A000959F9A90817569635F6169778B9D9C96AE
:1088B0008A7B6F66625F636E7F929F9B9184786A0A
:1088C0006460606674869A9E988D7E7268625F624C
:1088D0006B7B8E9F9B94877A6D65606065708397D4
:1088E0009F988F827468645F6069788B9D9D96897C
:1088F0007C6F65605F626D7F95A39C9386766661F1
:108900005C5D657488A0A79E8E7F6F605C5B5E680F
:108910007B92A9A49A8A77645C575A616F85A0B547
:10892000AA97836C51515058677A93B8BBAD8E7338
:10893000594747545E6E88A5C4B79E856747484926
:1089400058677A92B6C4B793775A3E424C5F6F82AB
:108950009BC7C1B28B6B4B3B3F5664778BA8CEC194
:108960009F805F3B3D455F6D7B91BACBC293735057
:10897000333C5065747E95C9CCBB8B6643343D5CFB
:108980006A7683A0D2CBA9815B373842636F79873F
:10899000AED3CC9C7753323A496874798BBAD1C93B
:1089A000936E4C313B526B767B8FC7CFC08C654545
:1089B000323D5A6E787D91C8D0BE896243333F5BA9
:1089C0006E787B8EC7D1BF896142343F5D6F797B02
:1089D0008FC9D1BD865E4035405F717A798CC6D231
:1089E000C0865E4235415E727B7889C3D3C3885F9F
:1089F0004234405E737B7684BCD5CB8E6140303F81
:108A00005D767D7479A7D8DBA06C432B3A57757ED1
:108A1000767394D5DFB076482D3750727E796F86A5
:108A2000CDDFC2814E3232486D7F7D6D79B9DDD7A1
:108A3000905A392C42637D7F7172A0DAE1A26A40BC
:108A40002A3B587781786D85CCE0C4824E3232471C
:108A50006C7F7E7072A5DBE19E663E2A3C5C78826C
:108A6000786C85CEE1C17F4B30334A6E817E707267
:108A7000A7DADF9E653D2A3C5E7883796C80CAE088
:108A8000C7834D3032496F817D6D6D9EDDE7A869EA
:108A900039263C607C84736170B8E9E595542D28D3
:108AA0004672817F6B5E7CD2EED281422632517B50
:108AB000847965618FDFF0BB723923395C7E8675FE
:108AC0006266A0E5EFA964312440678085715E6D20
:108AD000B5E7E899572D27446F81846F5F70BAE638
:108AE000E597562C2845708184705F70BBE6E4954D
:108AF000532B29467382836F5F71BDE7E294522C3A
:108B00002A477382836F5F6FB8E5E498552D294635
:108B1000718183705F6EB5E4E59A582E29457081A6
:108B20008572616CA9DFE8A665342740657F87768A
:108B3000656692D6EAB9753C253A5B7E877A6762AC
:108B400082CEEACD8645242F4E7D89836C5B6CB343
:108B5000E4EAA55C29203F6F888C745D5F90D9F2B0
:108B6000C279381C345A848D7E665B74BFE6E19D01
:108B70005628254171868A7460638FD1ECC5814087
:108B80001F31537F8A816A5E70B5DEE5A7622F23AD
:108B90003C68828978656481C4E3D59753272A4469
:108BA00072838673646994CEE8C283442231507A1A
:108BB00085826E636FA6D2E4B6773E2435577B85F7
:108BC0007F6D6574ACD2E1B0723A25385E7D857AEE
:108BD00069647AB5D8DEA86934273F6581817260FF
:108BE0006079AFDBE4B4753A263D5F8180745E5CEA
:108BF00071A1D8E8C585442432537C857C625861D4
:108C000087C6E8E9AE682A193560888876595268BF
:108C10009ADCF5DE9749191D43748A846A5759779F
:108C2000AFE0F4D39247191A3A69838572605E7295
:108C30009ED8F5E4A55318103064838875615E7280
:108C40009ED7F5E6A9581A0E2C5E7E877765606C74
:108C50008EC5EAF6C67B2D0A1D4A74877C6B616758
:108C600082B2E1F8D5914011193F6F7E77645C675D
:108C700080A1D2E8EAB46C2A152F5C777761575D42
:108C80007492B2DDEBD99D511D1D3C6B76725B5722
:108C9000637B99BBDEEBD298501F1F3A6773725CFF
:108CA00058627A97B7DCEBD49C521F1F3A697370F5
:108CB000595766819AB1D2E1D8A862291E376370EC
:108CC0006B5553668399A3C5D4E3B978361A3059E6
:108CD000716D5951627E96A1BCCDE4C6924D1E289D
:108CE000446C6E6451586E8D9EA9C7D6DAB36F324C
:108CF0001E305D6E6C585164809AA3BECBE2C49363
:108D00004F1E27416A6B624F597190A3ACC9D5D9E8
:108D1000B372351E2E596A68554E65839DA3B8C837
:108D2000E5CF9D521A24416E695744527999A39B0D
:108D3000B7CDF0CF893A102B5573634A3F5F85A2B8
:108D4000A09DBDDAEBC171281632626F5C444169A7
:108D50008CA79FA0BFE0E9BC6A231934676C584117
:108D6000426E92A89EA4C1E8E3B15C1A1E3C6C67F7
:108D7000503B47779BA99CAAC5F0DEA44E13244420
:108D8000706249384E7FA2A89BB0C9F4D8984511AB
:108D9000294B705E42354F82A6AA9BAEC8F4DB9D7C
:108DA0004A13294A6F5E40324B82A6AB9BACC8F493
:108DB000DC9D4A142C4C705B3C304E86A8AA98ACC3
:108DC000CAF7DC9A47132E4F705839304F88A9A93B
:108DD00096AACAF6DC9B491530507159372F4B873C
:108DE000A6A9959FC6EEE5AA571D2C4B705F3C3097
:108DF00041809FAB9694C1E5EDB46226294B6D612D
:108E00003C2E3F7C9EA9938DC0E1F4BB682C274E7D
:108E10006B643D2B3C759CA8938ABADCF8C2723512
:108E2000274F65623C2B3F7199A08F8ABADFFAC247
:108E3000753E2C55625F3A29406B979C8F8AB4DE51
:108E4000F8C87F4832545B58392C44668D908E9315
:108E5000BAE3F0C283564159544D352D4864888990
:108E60008D94B5E5ECC88B5D4957534B3630475D63
:108E70007F828E9AB6E3E2C69069565852443634E1
:108E8000455A777D8D99B2E1DFCB966F5C5854449B
:108E90003A3644576F7A8C9AB0DBDAC89C78665CB5
:108EA00054423B39445569778998ADD6D7CAA17DDC
:108EB0006C5E57443E3B445363778597ABCAD2C43C
:108EC000A18474635A484240465060738196A7C398
:108ED000D0C2A48878685E4C4743495160707F9146
:108EE000A0B8C2B9A18B7F6D62554E494F52606FD9
:108EF0007C8E9BB1BBB5A08D8270685B5552545976
:108F00006470798792A1A9A2978983766F67625D61
:108F10005E62697178838B99A29B93898478716B67
:108F2000666466696D717A7F848D938D8785817A99
:108F300074736D6D747472747C7D82888C87828288
:108F40007F7A76766F6F767676787C7E7E81858383
:108F5000807B7A787C7A747078787B807F7E7E7D67
:108F600080817F7B78797B787775777B7B7D7C7D53
:108F70007D7D7C7E7D7A7C7B7A7D77767D7B797E3C
:108F80007D757C7C797E7E7C7A7C7C7D807E7A7827
:108F9000797E7C787B7E7A7B7D797B7C7B7A7E7D1B
:108FA0007A7C787B7F7B7D7C7A797E78797A7C7D10
:108FB0007C7B777A7A787F817C7B7C79787C7A7FFE
:108FC0007F79777C7B797D7B798078797C7A7B7CF3
:108FD00077767D7E7D7E7D7B7C7E7C797A787C7FDA
:108FE0007D7B7C7B7E7B787B7C7C7D7C75797677DA
:108FF0008281797B7C797B7F7E7C7979777A7E7EB2
:109000007E7C79797C7A7D7B767981827D7D7673B1
:109010007D7C7C7F77767E8079797E7D787A7A7D9B
:109020007F7C7A777B7D7C787B7C797B7A7D7C7C8E
:109030007D7B777A7D7D7C7C797C7B747B84837F70
:109040007A75757D7E7B7A79797D7D7F7C78777B7B
:109050007A787A7F7D79787A7E7A7E7F7A7E7D7A59
:109060007876767B82837D74767D817A797C7A7C52
:109070007A7C7C77767B83817977787F7E7B7A7A3E
:109080007A7F7D7C7E77787C7F7C787B7C7E7D7927
:10909000797577827E7A797E7E7E797C7A76777F23
:1090A000807C7A7B7D7F78777D7C817B7779787611
:1090B0007B7B7C817D78787A7F817B767A7B787AFE
:1090C0008080807674827E7C7B74757A807D7B78EC
:1090D0007B807F77747B807A7E7C7A767C7D7B7EDA
:1090E00078787F7C837A747A807D7B7D797A7B77D0
:1090F000787A7A7F837C767C7F7D76757B817B7ABC
:1091000078777C7F7B7C7D7B7A807B7D7A777D7AAC
:10911000747F817F777C77798377797F7D76777DA0
:109120007E7C777D7F787A7E7D7976787D7B7E7B8D
:109130007A7D72787F7A7E81757B8676798574797F
:10914000807D7B797A7E767D777A827D7E7C817563
:10915000747B827B7278767D838183777977778160
:109160007F777973777E7E8982797B7B7677757658
:1091700078757B7A888F85837F726B6D7771767A4D
:10918000797B8E9089868070696A75717578747C38
:10919000969B958B7B635B6A6D7174766982AEA9D1
:1091A0009E8F7150566C687173756689B9AD9E8ECD
:1091B0006946526E7074756F608DCABAA785532E5A
:1091C00050767C7A74635AA8DABE9C773A24647F1E
:1091D0007B7F6D596AC6D2BB8D61273372817E7FDA
:1091E000685098DCC4A37A391462817C86794D6F0B
:1091F000DCCAB38C5212437B7E867F5D50B9DBC0E4
:109200009668222277888580694797E5C89B6D30EC
:10921000136D90877F714678E8D1A47843075A94FC
:109220008782784A5AE1D7AD7E4F094B978C847874
:109230004E4BD4DCB381540F3D969087795543C192
:10924000E1BA875C1A2E8F9187785C43BAE1B985C1
:109250005E1E31908E86765C46CADBB27F5C1A3821
:10926000948B85755B47CDDBB17D5A183D988D8316
:1092700071574EDBD7A771521057A08D7A6D4E668D
:10928000EFCE9765470D719F8E756A4783F0C78B48
:109290005D37198A9A8B6E6045BDE3B475521846E6
:1092A000A0937E6B4E5FEED19A62440E76A09073CF
:1092B000654397ECC38557282792958B705851DBEF
:1092C000D4A86D450C6794947E6746A3E1C1885687
:1092D000202B8D928D745659E2D0A46C400B6C9269
:1092E000937E6447B8DDB88153113D8F93876F4EED
:1092F0007EE9CA96642E147B908F795C54D8D5ACE5
:1093000074430A5A8C91806554C1DCB97F490E467A
:109310008490846955AEE1C38B52192D7D8D887080
:109320005E8FE2C7965F2D1F6B8286776B88DBC2EC
:109330009A683D1E5E78827B7383DAC19E6F461CFD
:109340005572807E747AD5C2A5784F204D6B7C7F94
:10935000767ACCC3A87F56284465787E787AC0C7D1
:10936000AD875C303A62747D787AB1CBB08D633B67
:10937000345E6F7A7A7DA5CCB0926A45325A6977AD
:109380007A7E9ACEB197714E2F5665747A7D8FCEC4
:10939000B39D79573251626D767A86C1BEA48863D7
:1093A0003F446163727681A5CDAA966E50395E60A6
:1093B0006E747E91C7AB9A7A61445A636A717B8AF4
:1093C000B1A896836C58596866717587A0AD928B69
:1093D00070645669646F718294AC938E776D5C692A
:1093E000666B707E8DA3928C7D73676A6A696F79F4
:1093F000899C958A83756E686E686E74849397876E
:109400008678736B726C7074808D91838379776FBB
:10941000757072757E8A8F808379787076717174B9
:109420007D88918183797770747070747E8C90825E
:109430008378766F746E707581908F828277756E87
:10944000746D707683958D8581746F6C706A717B95
:109450008F9D89887970656B6A697687A194898503
:10946000716B646C666F7C93A78B8D796C5E66689C
:10947000657889AD9A9185685D5A685F7685ABABF2
:10948000919068615165606D809CBB929873604F4C
:109490005B60647E92C59F9D83594B4F5A5E7D8D64
:1094A000C6B49F92574B4554577B87B8C89C9E6063
:1094B0004E4151557284AAD59FA56B4D3C4A546BC1
:1094C00085A2DCA4AA744C3A445366849BDEAAAB02
:1094D000804B3D41515F8294D7B6AA8E4C3F3D4CA4
:1094E0005A808ECBC5A89B51413A46577D8ABDD440
:1094F000A6A45A433843547987B0DEA5A9654437FA
:1095000040537485A8E2A7AB6D43373E537485A5DD
:10951000E3A8AB7242373C527284A0E5A9AC794211
:10952000373C506F849BE4ADAC8242373C4D6D8438
:1095300097E1B1AC8A42373C4A6A8393DCB7AC917D
:1095400044373C47668490D3BFAB9B49383D41606C
:10955000858AC2CFA8A5563B3C3C598484ADDEA683
:10956000AB683E383B537E83A1E4A7AC793F363CE1
:109570004D778498E3ACAC8940353D476E8691DAEF
:10958000B7AC9744363F4165878CCBC6AAA24C380E
:109590003E3B5C8886B6D9A6AA633A3B38518281A5
:1095A000A1E7A7AC823C373C46748392DEB4AC9A08
:1095B0004235403C658889C5CDA9A956383E365408
:1095C0008582A6E6A6AD7D3D363A46748393DDB727
:1095D000AC9D46353F3A608A87BBD6A8AC61393925
:1095E0003750838399E3AEAC904030403F698B881D
:1095F000BED0AAA95A353B385589839CE5AAAC84CC
:109600003D303D4473898ECFC2ACA34D313E385CB2
:109610008C85A9E1AAAC733933394B7D8693DCB6CE
:10962000AC9A442F3E3A618D87B3DBABAB6C3A34D6
:10963000384B7C8694DCB8AC9E48303D395C8C86D7
:10964000ADDEABAC733B333748798693D7BDAEA262
:109650004D333B34588A85A6E3ACAD863F303A3E65
:109660006C888EC4CDAEAA5E3838324D80839DDFC3
:10967000B6AF9A4C313A34578688A7E0B2AD8E47E0
:109680002E3A365D898CB0DEB0AA7D412E383E6818
:109690008892BFD2B3A76D3C2E3545708797C9CA53
:1096A000B5A465372D3449768899D2C4B4A05D310C
:1096B00030344D7D899ED8BFB29A593031354E7CB9
:1096C000899ED4C2B39B5F342F344B76899CD0C61D
:1096D000B59D62362F344974889CCEC8B69D663AD3
:1096E0002B34466D879BC0D1BBA1754727343F60A3
:1096F0008597B0DABEA6835027343B588091A7D90E
:10970000C1AD8F5B2E31385074899EC7CBBA9C6D2A
:109710003F283746658295ADD7C1A7835328343D8E
:1097200058798DA0D1C6B49465372E394B6983988A
:10973000B3D4C1A57F552B353C57758B9ECAC9B98B
:10974000976B3F2C3747647F94AAD5C5AC875E31B1
:109750003139526D8394B2D2C5A881592D323C580B
:109760006F8495B9D1C5A279512A34405E7286972B
:10977000C2CEC29C744E2E34415E718495BCD1C65B
:10978000A0795430333E5C6F8292B8D2C8A27A5628
:1097900030333D5A6E808EAED2CEAF835C372F38D9
:1097A000536B7A869BCAD4C49368432C344966753C
:1097B0008291BBD5CEA0734F2F33425D6F7C87A4BF
:1097C000D0D4B9896140333A5065717E8DB5D6D019
:1097D000A377533537435A6B77809ACAD6C39065BF
:1097E00047363E51636C737D9DCCD8C18A61463A41
:1097F0004457636A707A9DD1D8BC855D433C475B12
:1098000066696F799CCED8BE885F473F4A5C6569C0
:109810006A718DBCD8CC976A4E404A596569676CAD
:1098200083AFDAD5A472503E4856696A656573996C
:10983000D3E0C687583F3D4E686C68606481B6E4EB
:10984000DEA56B4637495C716C635E6C92D3E5CEE6
:109850008A573C3B516E776E5F5A6D98DCE6C27C4E
:109860004C3742597A776A5A5B76ACE6E4AA67418C
:1098700036506984755E505A7DBAEEE29D593A3988
:109880005A758C745849577DBCF1E29854393A5E48
:10989000798F745747557ABAF2E59C5537375B7B19
:1098A000967E5B444D6FA9F1ECAD5B3633547898EE
:1098B00086604649679DECF0BC6538314A729795E1
:1098C0006E4C415680CDF8DF87462F35628AA485DD
:1098D000593F4967A7F5F1AD58312E507AA4996BDD
:1098E000483E5381D7FCDD7D3D2A346592AD8D5CC9
:1098F0003B425E9DF2F3B65A2F2B4B79A8A5744BD1
:10990000394B74C3FCE88D43292F5D8AB09C6742B4
:109910003B4E7DCFFCDE7D3B2A356694B0955E3FA5
:10992000405589E2FBCF6932293C6FA1B4915A3B83
:109930003D5389E6FCCD6530283B72A5B992593A72
:109940003C518AE9FCC95F2E283E75A8B992593B63
:109950003C4F84E3FDCF642F293C71A2BB9D624044
:109960003B4977D4FEDA6F3229376C9CBDA268443C
:109970003A466DC0FFE5843A2A315F8DBCAE7B4D1F
:109980003942599AF8F3AA4A2B2E4E80B4B589521F
:109990003B44578BE7F4B94E2B385386ABB0824823
:1099A000374A678FD0F5C0582439558BA4B5884DF8
:1099B00032416586B4F9D27D2B2D4C779BB79C66DE
:1099C000353858759DE4EDAB4227415C90AAB17FD4
:1099D000473349688BBDFDCA6E2A334E7C9CB994CF
:1099E00061343C5B77A0EAE7A53F2C435D8EABAFCB
:1099F0007D48354A678ABCFBC9722D374B7898B8C9
:109A00009464363F59769DE7E5A74432445A8AA9C3
:109A1000AB7A49384B668ABEF9C571333C4A7697B2
:109A2000B490623A425A779EE6E2A64C3845588690
:109A3000A4A579503E4E6686B4F1C9824140476C78
:109A400091AB91684545587194D0E4B16544484F55
:109A500077949D7D604B53637CA0DDCB9A5E50482C
:109A60005C7C948C7259525A6D88B8DBB97E58521E
:109A70004B6883907C69575A657895CCC8A4725D11
:109A800051566E848271635B616E84A9D0BA8D6910
:109A90005D4E617783776C5E5F68798FC0C5A97E04
:109AA0006859566777796E6560657185A2C7B99701
:109AB0007467535D6F78716B61616B7A8DB5C1AB03
:109AC0008A726258646F716B666165718398BCB904
:109AD000A081725D5C686F6B6965626A7889A4BAFF
:109AE000AE967D6F5F63696B6768656872828FAAE7
:109AF000AFA18B7C6C646669696668676E788797CE
:109B0000A9A69785796C686A6A68696B6E757E87A5
:109B1000949C988B847A716C6C6A696B7072788093
:109B200088919792878279726F706E6E7174767A6F
:109B30008084888985817E79777675747577797A5E
:109B40007C7E818383817F7C79787776767678795D
:109B50007A7C7E8081807F7D7B7A7978787878794D
:109B60007A7B7D7E7F807F7D7C7B7A79787879793E
:109B70007A7B7C7D7E7F7E7D7C7B7B7A79797A7A2D
:109B80007A7B7C7C7D7D7E7D7C7B7B7A79797A7A21
:109B90007B7B7B7C7C7D7D7D7C7C7B7B7A7A7A7A0F
:109BA0007A7B7B7B7B7B7C7C7C7C7C7C7B7B7B7A01
:109BB0007A7A7B7B7B7B7B7C7C7C7C7C7B7B7B7BF2
:109BC0007B7B7B7B7B7B7B7C7C7C7C7C7B7B7B7BE0
:109BD0007B7B7B7B7B7B7B7B7C7C7C7C7B7B7B7BD1
:109BE0007B7B7B7B7B7B7B7B7B7C7C7C7C7B7B7BC1
:109BF0007B7B7B7B7B7B7B7B7B7B7C7C7C7C7B7BB1
:109C00007B7B7B7B7B7B7B7B7B7B7B7B7C7C7C7BA1
:109C10007B7B7B7B7B7B7B7B7B7B7B7B7B7B7C7C92
:109C20007C7B7B7B7B7B7B7B7B7B7B7B7B7B7B7C82
:109C30007C7B7B7B7B7B7B7B7B7B7B7B7B7B7B7B73
:109C40007C7B7B7B7B7B7B7B7B7B7B7B7B7B7B7B63
:109C50007B7B7B7B7B7B7B7B7B7B7B7B7B7B7B7B54
:109C60007B7B7B7B7B7B7B7B7B7B7B7B7B7B7B7B44
:109C70007B7B7B7B7B7B7B7B7B7B7B7B7B7B7B7B34
:109C80007B7B7B7B7B7B7B7B7B7B7B7B7B7B7B7B24
:109C90007B7B7B7B7B7B7B7B7B7B7B7B7B7B7B7B14
:109CA0007B7B7B7B7B7B7B7B7B7B7B7B7B7B7B7B04
:109CB0007B7B7B7B7B7B7B7C7B7B7B7B7B7B7B7BF3
:109CC0007C7A7A7C7C7A7B7C7D7C7C7C7A7A7B7BE0
:109CD0007B7C797A7C7C7A7B7C7E7D7A7B7B7A7AD2
:109CE000797B7D7C797C7E7A7A7F817B767D807AB8
:109CF0007A80796E7D7F7181896E6F837D7A867CB3
:109D00007079807976797C797C80787584847780A5
:109D1000846F768A7D7380796C7989706B8B8A7495
:109D20007F876E758A7D737E7A6F78837470838681
:109D30007B7F8478767F8075787D78767C7B767A79
:109D400083817E817D767B7F76777C78757B7B7760
:109D50007B828281807D79797B7A7A787774797950
:109D6000797D818384807D7A78787B7A7674737745
:109D700077797F83898E867D787874797974686C39
:109D80007273768286929D907E757872787974640B
:109D900069707175828695A4967F74726F797D71F2
:109DA0006163666C7784849EB19F81736D6A7980EC
:109DB000715F6061687785859EB8A787716B6575EF
:109DC00082755B53575C73868D9CC5BE98706760C7
:109DD0006B857A5D4B4F556D849097C0C9A17565B1
:109DE0005F6284846B4E4F53637E8D8EACD6B27FA0
:109DF0005F5A557C9080574D535A778A8B99D5C0BE
:109E00008F6159536F928D654D54546B848B89C00B
:109E1000D3A56856535A8C9B805454535E7A8B85D5
:109E2000A1DEB67A5355507D9D93625056546E878D
:109E30008886CAD1985852525C95A5845655535A73
:109E40007A8E8295E5B8764A564D7BA39F68505826
:109E5000506B888B7FC2DA974B4C595A9BAB8C5115
:109E600053545A7B91828CEAB46C3D5B547FA7A714
:109E7000684B5A566E868979AFE29F4D405D5D9D75
:109E8000AC97524A61637A897E74CBCF9139485E30
:109E900070A6AE7E4A51656C7F88787DE7B57332D7
:109EA000565E8CA6A964485B68768281749AE4A4A5
:109EB0004D3A6163A0A898534B65697C867B73C754
:109EC000C99234486476A3AD7C4C516B6F7E857724
:109ED0007BE4AF7230586390A1A9634B5B6C7780D1
:109EE0007F7697E1A24C3B6367A1A497554C666CC3
:109EF0007C837974C4C4933149677AA1AD7C4F5196
:109F00006D707E847779E3AC732F5964939DAB6455
:109F10004E5A6E77807E7795E0A24B3B6468A1A392
:109F200098574D666D7C827975C4C295314A677BBE
:109F30009EAD7C52506E6F7D827879E3AA742F5962
:109F400064939BAC6550596D757E7E7995DFA24C0C
:109F50003B63679FA39A5A4E656A7A827A77C4C137
:109F600096324A65799CAF7E55506C6C7C827B7BC7
:109F7000E4A976305861919AAF6953586B727D7E2F
:109F80007C97DFA34C3D62639BA39C5E5064677724
:109F9000817C7AC7C095334D647497B0825C5562FA
:109FA000667787818FE4A1593E645C8F99A76A59CF
:109FB0005D5A6E838282D2B88C3254637190B085C0
:109FC000605A5663738586AFD8A248475F5A8EA6FB
:109FD0009C6A5D545C68848498E9A9664058508501
:109FE00097AC77645952607B8293EAB27B425346C6
:109FF0007A95AC7E6E5C4F5B768095EEB37C445276
:10A00000417793AE85705B4A557082A7F1B775436F
:10A01000483A789CAF8876474A4F718CDADFAC5665
:10A02000433E4383A8A6816E414C58799CF5C99064
:10A030004D4B356188A88E79504F526B8CE5D9A76E
:10A040005B503D4D78A0977E604E51607EBEEDBB6B
:10A0500076574E3B658795826F5D5C5C73B5DFBF5D
:10A06000806855405A7D8A806E67615F72B4DDBE3C
:10A07000806A59425977847A6B67686980C0CDAD30
:10A080007A6857525D79786E646A6E7798D5BE9417
:10A090007264515965797468666D7184B1C7AE7F19
:10A0A0006F6258606D7069656B7481A2C4AE8A7509
:10A0B000695D6166706A6368727A92BAB29B7B71FD
:10A0C0006861646B686569737D90ADA9977E7770F0
:10A0D000666668656369737D8FAAAA997F7B7367DB
:10A0E0006663636268748091A7A699878076665FCD
:10A0F0005C5A5F69798699AC9F96898277645D5ACC
:10A10000585F6A7A889CAD9F958A817362585757C9
:10A11000606F8093A6AA9F8F887B665C54545966B3
:10A1200078889DAFA39A8D8274605553535D6C7F80
:10A1300094A8AEA293897964574F5058667A90A537
:10A14000B3A6998E7E6B5A4F50536073869DAEA80E
:10A150009E8E837461585657616F8195A5A2988B26
:10A160008275665E5B5C64707F93A2A1988A837738
:10A17000685F5B5B636D7E91A1A3998C8476675E5B
:10A18000595A616D8094A4A39A8C8274655D595963
:10A19000626E8095A4A39A8C8273655D585A637031
:10A1A0008398A4A2988A7F70625B595B6675889DCC
:10A1B000A59F96877B6D605A595D69788B9EA49C9C
:10A1C0009385776B5F5B5C616E7D8F9EA0998D82BE
:10A1D0007368605B5F657282939F9D968A7E7165EE
:10A1E000605D616A7787969C989185786D656162FC
:10A1F00066717F8D9798928A7E726A6362656C77CA
:10A20000859297958E85796F68656569727D89916C
:10A21000938F8880766E6A68696E77818B908F8A5B
:10A22000847B736D6A696C727B858C8F8B8680787A
:10A23000726E6D6D71777E868A8986807B7672718B
:10A240007072767B81878986827E7875727172746E
:10A25000787E838786837F7A7775747475777B7F42
:10A26000838582807C7876757576777A7D81848324
:10A27000807D797776767778797B7E8182817E7B27
:10A280007977777879797B7C7E80807F7C7A797822
:10A290007879797A7B7D7E80807D7A797878797912
:10A2A0007A7B7D7F7F7E7C7A797979797A7A7B7DFA
:10A2B0007F7F7E7C7A79797A7A7A7A7A7C7E7F7EE1
:10A2C0007D7B7A79797A7A7A7B7C7C7E7E7D7B7ADB
:10A2D00079797A7A7B7B7C7C7D7E7D7C7B79797ACF
:10A2E0007A7A7B7B7C7D7D7D7C7B7A7A7A7A7A7BBD
:10A2F0007B7C7C7D7D7C7B7B7B7B7A7A7A7B7C7CA8
:10A300007D7D7C7B7B7B7B7B7A7B7B7B7C7D7C7C94
:10A310007B7B7B7B7B7B7B7B7B7C7C7C7C7C7B7B88
:10A320007A7B7B7B7B7B7C7C7C7C7C7B7B7B7B7B79
:10A330007B7B7B7B7C7C7C7B7B7B7B7B7B7B7B7B6A
:10A340007B7C7C7B7B7C7B7B7B7B7A7B7B7B7C7C59
:10A350007B7B7B7B7B7B7B7B7B7B7C7C7C7B7B7B4A
:10A360007B7B7B7B7B7B7B7C7C7C7B7B7B7B7B7B3A
:10A370007B7B7B7B7C7C7C7B7B7B7B7B7B7B7B7B2A
:10A380007B7C7C7C7B7B7B7B7B7B7B7B7B7C7C7C17
:10A390007C7B7B7B7B7B7B7B7B7B7C7C7C7B7B7B09
:10A3A0007B7B7B7B7B7B7B7C7C7B7B7B7B7B7B7BFB
:10A3B0007B7B7B7C7C7C7B7B7B7B7B7B7B7B7B7BEA
:10A3C0007C7C7C7C7A7A7B7A7A7C7C7B7C7D7C7DD5
:10A3D0007A797A7B7A7B7D7B7B7E7D7D7C7A797BCB
:10A3E0007A797B7C7A7E7F7C7C7D7B7A7A78767CBE
:10A3F0007A7C827C7B7F7E797A7875797A7A837FA2
:10A400007C7C7F79797776767A7C84837F7D7C7794
:10A41000777275767780888584807874756F7477A5
:10A4200076818B8686827772736A6F757583979251
:10A430008E8A7168685A6470748CABA29A90685D59
:10A440005E4C5F6E7694B6A69F8F6459594A5F6ED4
:10A450007A9CBFA7A5845A524B47647185B7C3A89D
:10A46000A86B4B4C3C4A6C7B95D2B8AC9659454591
:10A470003D567084A9D4ACAF7A4F453D4465758D87
:10A48000CAC1AFA45C4546374F737FA0DEAFB0872B
:10A490004F3F40415D788AC1C9AEAA624743384BFD
:10A4A000727D98DFB2B18B4F3E3D415E798AC3CB5E
:10A4B000ACAE5E43423949767F9AE0B1B08A4D3EF8
:10A4C0003D405E7B89C1CFACAE5F453E394D747C6B
:10A4D0009CE1ACB48F463E403C5E8187BED2ABACC3
:10A4E0005F463C384F767C9FE3AAB489453C3D41AA
:10A4F00064808ECFC3AFA64E413F36547F81ADE21C
:10A50000A8B371443B39486F7D95DEB3B29B463E9C
:10A51000403A5A8285BAD7A8AF61443C364D777E1F
:10A520009EE6AAB48D423C3E3F61818BCBC6ADA86E
:10A5300051454038547E81AFDAA3B06B4840394D65
:10A54000737D9EE0A3B38948433E42627E8ED0B9BC
:10A55000ADA44E48413B557E81AEDBA5B073463E6F
:10A560003B496C7F94D7B5B09C4B43403C588084AA
:10A57000B4D6A8AD67483E3A4E707E99DAADB09336
:10A580004E454042577C88B4CEAAAB6851403B4E02
:10A590006A7D96D4AFAE95544A4244567986ABCC88
:10A5A000A7A9765849434E5F788BB3BCA6A36D5ECE
:10A5B0004B465163788EBBB1A79E645D4D48546B8A
:10A5C0007A91BAA8A39567615253596A7A89A8AA61
:10A5D0009B97726959595A6576809EAC999A786AA8
:10A5E0005E5A5B65747E96A796987F6F6861606718
:10A5F0006E78869A98908F7A6F6A66646A707F86A2
:10A600009B92928377706865696D757F8F948B8E4E
:10A610007E76716D6D6B73757D878E878A817A7595
:10A6200071716B75737B838D868A827A7672716D98
:10A6300073747A818A8688837D7776717171737776
:10A640007C85868784827B79737173717779808644
:10A650008584827D797873757477797D8182818034
:10A660007E7A7A777777787A7B7E7F7F7E7E7B7A39
:10A670007A787878797A7C7E7F7F7E7D7B7B7A7929
:10A680007879797A7B7D7D7E7E7C7D7B7A7A79791B
:10A69000797A7B7C7D7E7D7C7C7B7A7A79797A7B0A
:10A6A0007C7D7D7D7C7C7B7A7A7A7A7A7B7C7D7DF1
:10A6B0007D7C7C7B7A7A7A7A7A7B7B7D7D7D7C7CE3
:10A6C0007B7B7A7A7A7A7B7B7C7C7C7C7C7B7B7BD9
:10A6D0007A7A7A7B7B7C7C7C7C7C7B7B7B7A7B7ACA
:10A6E0007A7B7B7C7C7C7C7C7B7B7B7B7B7A7B7BB7
:10A6F0007B7C7C7C7C7C7B7B7B7B7B7B7B7B7B7CA4
:10A700007C7C7C7C7B7B7B7B7B7B7B7B7C7C7C7C91
:10A710007B7B7B7B7B7B7B7B7B7C7C7B7B7B7B7B87
:10A720007B7B7B7B7B7B7C7C7C7B7B7B7B7B7B7B76
:10A730007B7B7B7B7C7C7B7B7B7B7B7B7B7B7B7B67
:10A740007B7C7B7B7B7B7B7B7B7B7B7B7B7B7C7C56
:10A750007B7B7B7B7B7B7B7B7B7B7B7B7C7B7B7B48
:10A760007B7B7B7B7B7B7B7B7B7C7B7B7B7B7B7B38
:10A770007B7B7B7B7B7B7C7B7B7B7B7B7B7B7B7B28
:10A780007B7B7B7C7B7B7B7B7B7B7B7B7B7B7B7B18
:10A790007B7B7B7B7B7B7B7B7B7B7B7B7B7C7B7B08
:10A7A0007B7B7B7B7B7B7B7B7B7B7C7B7B7B7B7BF8
:10A7B0007B7B7B7B7B7B7B7C7B7B7B7B7B7B7B7BE8
:10A7C0007B7B7B7B7C7B7B7B7B7B7B7B7B7B7B7BD8
:10A7D0007C7C7B7B7B7B7B7B7B7B7B7B7B7C7C7BC5
:10A7E0007B7B7B7C7B7B7B7C7B7C7C7B7B7A7B7CB5
:10A7F0007A7C7A7B7A7C7B7C7C7C7B7B7C777A7AAC
:10A800007B7A7D7D7A7C7D7D7D7B7C7B7B7A7C7A8F
:10A81000797A7C797A7C7A7B7E7D7C787D787F7C86
:10A820007F79787B787B7B7C7B807E7F7E7D788068
:10A830007B7779797D787E777D7A7F807B7F7B7B64
:10A84000777C777C797C797A7D767A7D7E7B7E7960
:10A850007A7C80797D78787E7A7E767F777A7D7A49
:10A860007E777D77817C7D7C7E807F7B76797B7D2A
:10A870007C797C7D797B7E7D7A7F7B777F787C7B22
:10A880007D7C797B777D757C797A7B7C817C7E7F12
:10A890007B817E7C79767C787C7C777B76807A7E07
:10A8A000797D7B797C7A7E797E777F767E7F7A7FF1
:10A8B000797E7C7E817C7B737B767D787A767D7DEC
:10A8C0007D7C7C7C7C7F7A7A7C7D787A767A797ED6
:10A8D0007A797D7A827B7E7B7A7D7A7A757B797CC8
:10A8E0007E777C797D7E837D7D787D7B797C7C7AAB
:10A8F00078757B797F7B797C7C7D7D807C807B7F9C
:10A900007B7A7A79797A7B797B7B7D7C7D7B7F7C96
:10A910007C7B787A787D777A7A7C8180797C787B89
:10A92000777D777B7A7C8281797D787B777C767A7C
:10A930007A7E83827C7E7979767573797A81858552
:10A94000817F7B75767071787B838685837D7C7251
:10A95000756F70777B87888987797D6D6F6B6D7672
:10A960007B9189908C767C686B656E787B9A8992F6
:10A97000897777666C627079809B8996837A6F6637
:10A98000666075768D9C8E987C7D606C5B62787B52
:10A99000949A988E7B7C586D596776869994A1839A
:10A9A0007D735766596E74949F91A9767D645E5746
:10A9B0005E7775A1A2949E797555694F647A81A4DA
:10A9C0009CA5847F6A5262506E7A93AB9AA8748079
:10A9D000565658597481AE9AAB95736E535B4A6D57
:10A9E0007989B997AC7D805554594E7481A7A4AD2F
:10A9F0009A70764A554B68788DC198B27F7C4F52D9
:10AA0000534B7782ACA6B29A6F7546524967798CE0
:10AA1000C69AB57F7B4F4C53467782B1ABB4A16ADF
:10AA200074434E45647B89CC9AB9807A4E4853442E
:10AA30007982B3ACB6A068733F4E45687C93D19AD7
:10AA4000B97478434951497F85C6A0C09167653F75
:10AA50005142777EA0C4A2AC697B3F51525C7E8A92
:10AA6000CB8DB97B7353505C4D8082B896B38E65A5
:10AA70006F4A5A4C787D9CB99CA4667D44545760BB
:10AA80007E8BCB8BB77A71524E5B4B8084BA9CB570
:10AA900093616E44564A777F9DBF9DA8667B425066
:10AAA000555E7F8CCF8DB97D6D524959498085BBEC
:10AAB000A0B6975F6E42534974809EC49DAC67797F
:10AAC0003F495358808ED598C28763533A4C3F7C98
:10AAD00087B6CBB4AF5D6F2C3C45588398E8A1CACC
:10AAE00082634333493C818BC5C1C0A757692B3E64
:10AAF0004066849FE9A3C4736A36354B43848FD480
:10AB0000AFC69A575E2F443D7386A9DFAABA676E17
:10AB100031384C4B8391D9ABC598565C2F453F7269
:10AB200086A2E2A5BC6D6C37374E47848FD1AEC18B
:10AB30009D55633045436C869BE49EC078674236E2
:10AB4000503F828AB7C4B2AD597131414E58869098
:10AB5000DD9DC28E5B58344E4277879FDC9FBA6D75
:10AB60006D3F3A5544848AB9C1B1AC5872324151F3
:10AB700056878ED99FC0945760344C46718598E1B2
:10AB800098BE7967493A53428186A6D2A2B66672C8
:10AB90003A4055478689BCB9B3A9587333465156D4
:10ABA000848CCCA7BB9F586D3549505A848CCAA75A
:10ABB000BAA0566F354A5258838ACEA2BD9E566DB2
:10ABC000354C505E838AD29DBD9A576D354D515D8F
:10ABD0008488CEA0BB9E5572354D53598587CAA235
:10ABE000BAA05573354D53598586C4A7B6A3577778
:10ABF000364D55538682ADBFA5AE647A3D48594A5D
:10AC0000827D9AD494B875704A435A49787C92D41C
:10AC100093BE8D60603C554D628089B6B3B2A75F2C
:10AC2000763D4953527C7D9AD49AB87A6E4E4057FD
:10AC30004F6B7C91C2A1B89C5D6E3D574C5F7B828F
:10AC400096CB9AB37B7053465856677993AEABB0A8
:10AC5000A15F763E5A4C6173838FC797B683696153
:10AC6000485A52706B8C98C392B37078465D5754B3
:10AC7000707A87A6B5A4A060823A62546664898A15
:10AC8000BC93B588646B4C604F756A8A8EC58DAF76
:10AC90006E7D48605D586E7B8AA0ADA29D5E843E4D
:10ACA00069536A6A838CB691AE816A70486A54723D
:10ACB000708E94B192A46B774F675564767690ABA3
:10ACC00098A6856D75427355697A8792AE93A36A8B
:10ACD0007955694F7074738EB383B3737B6B48740B
:10ACE0005A62838395A6969D687E4F6D5768767DE0
:10ACF00087AE8AA8757A5F675D5E7C7579B583A833
:10AD0000876C804D6470607486929A989773804EB9
:10AD10007959678071909F889D747E5B745A747AAC
:10AD200067A58B86A666865B6F69687A6E998E8545
:10AD3000A96A7F6A62765E78827AA27E9C7A707453
:10AD4000607C5E77906BB176957C6E70617E5E798B
:10AD50008F70AD77947478666979667B87878D91FB
:10AD60007B79726A7069866A958A878B6F8854824C
:10AD7000676F88729E72A36C7B78637B6684718E2A
:10AD80008A7E8C737A6C7A6E797D858187827679FA
:10AD900073786C80778483858373816E78717B7A16
:10ADA0007D888082787E717877777B7C837F807CDA
:10ADB0007A7678777A7A7E7D817E7C7A7779777AEF
:10ADC0007A7E7D807E7C7B7779787B7B7E7E7E7DC4
:10ADD0007A7A7879797B7D7E7F7C7C797A78797ACA
:10ADE0007B7C7B7B8383848383828280807F7F7E66
:10ADF000807C81807F82858189848CA393A49A8BB7
:10AE00008D8379797470736F75727A71807C7B86AB
:10AE1000847E9585A3AC9DA9928D86737A6E6776A4
:10AE200064726F766D83747A9477979EABB3AAA79A
:10AE3000918B866B756E5B73636F6D766F7F7B7ABC
:10AE4000928799CDA6C2B0908A7C64655C605F658C
:10AE50006C6C74747A827B9590AED4AECC98987BEF
:10AE60006B5D664668615B78747384837FA09AEB40
:10AE7000A7DAAA907F6E5B4D5E4B5A6175608C7944
:10AE80007E928FA7D4BFC9AD8C7B674F5E4A556B4E
:10AE90005A7C787F7F9B8CB9D8A4D38B90696C4EF9
:10AEA00060555771627D7D81839897C1C5B8A7921F
:10AEB0006E6C565C5660666F7D7E838B99A3E1A0B5
:10AEC000D2898C64694D61555F706A8281878DBCBF
:10AED000A0D0B38C8D6E5F556D496E7765878A8E75
:10AEE00099F588D49F6D7A68505C724286667A8440
:10AEF0008E8FC9BDA9C96B87645F50784876766E1E
:10AF0000808E8CB1D796CE7C80606D46725B6086F9
:10AF100067808D8E98EF88CE90756D694B6D5E65FC
:10AF20007F6D828B8EB2CE9ACE718660634E784FE3
:10AF30007A7572838B8FC8B9ACC565855E595673B7
:10AF400052817075898F9EE29CCB897B60634C6ACD
:10AF50005E757279808992E49EC3B4617B5E4F59BD
:10AF60006F5C7C757F8996D6A9C2AD6B715F4C55BD
:10AF70007062767D868A98EE90CFA2686E604C569D
:10AF8000715E7B7A878EB7C6AAC1757D615A50748F
:10AF90005B78788194A3D897C77982586750657297
:10AFA0005E887A8C95E988CB996571624D6573608E
:10AFB000847D8CA6D09BC877795E63487863718066
:10AFC0008191B5C69DCB647E5A5E4B7E597A848250
:10AFD00097D99ABCA3636C63456E676A87848EE0D9
:10AFE0009AB7BC537864455B7F52848C88B3D49401
:10AFF000C86C765D5553765C818889C3B8A9BF5FFC
:10B000007B5F47646F5F88878AD4A5B0BE53805D3D
:10B0100045656E608A898EE19BB9A85B70574A626C
:10B0200071679190BCC3ABBF6279514E59646A8617
:10B030008B92F28DC3A15968534C5B72699593D280
:10B04000BAB5AA61644D504D7A6B9096E3AAC3AC31
:10B05000536B45504B7D629199D2BBBDB4566E4542
:10B06000504C7867909FDCB1C09D5F58524C52782D
:10B070007396AAED9DC87D684559475F717B9BBC5F
:10B08000D8ACBD666C45554970708BA6DCADBB90E5
:10B090006151574662747BA1D5B5BDAD5A674D4F1E
:10B0A0004E747591AEE3A3BB81634E5A49657880B7
:10B0B000A4DBA9B79A5E59594C5D777A9DD1B2B796
:10B0C000A661635451586F7B91B7C9ABAB76695594
:10B0D0005C586B7D88AAC5A3A77F6A5D615E6B7FA4
:10B0E00086A4C29FA6846A60635E6A7F829EC29CB9
:10B0F000A48A6C6767636B7D8098B59B9E8A736C2E
:10B100006C6A6E7D8195AD999B89756F6E6B6F7C56
:10B110008093AB999A8A77726F6D717B8090A399B7
:10B1200096897A757271747A808E9E9894897C76ED
:10B13000747274797F8D9D99968A7D767371737818
:10B140007F8C9C9C988B7D76727172777E8B9C9D98
:10B15000998C7E77727072767D8A9A9E998E7F77AF
:10B16000717072757D8A9B9F9A8E7F7770707175F2
:10B170007D8B9C9F9A8D7F76706F71757E8B9C9F67
:10B180009A8D7E76706F71767E8C9D9F9A8C7D7580
:10B19000706F72777F8E9F9F998A7C74706F7277C1
:10B1A0008090A09E97887B736F6F73798493A09C27
:10B1B000948479716F70757C89999E9A8E7F767070
:10B1C0006F7177808D9D9D978A7C74706F737A8381
:10B1D00093A09B938479727071757D8A9B9E988BE6
:10B1E0007D75706F73798292A09B9285797271726E
:10B1F000767D899A9C958B7E757374767A83959DFE
:10B20000948B80797475777A808F9F948D847B720C
:10B210007377787E8BA09A9388796E6D72757D8A2C
:10B22000A3A39A8C786B676D717C8AA3A99F8F7892
:10B230006D656A707B879FAFA2927A6C5E646D7A4F
:10B2400088A3B7A6957867565F6B7A8CAABDAA9635
:10B250007564525E697B8DACBEAB9674624F5D6A5D
:10B260007C8DAEC2AC95725F4B5D6C7F90B5C3AC0C
:10B27000926D59485F6D8092BCC1AB8F6B55486130
:10B280006F8294C2BFAA8A684F4665748497CCBC0B
:10B29000A5836446486A7A869DD4B8A07B623F4EF7
:10B2A0006D7D88A6D6B599745C3A5472818CB3D3FF
:10B2B000B1906B51385F7A8490C8C9A98463463DC8
:10B2C0006B808697D7BEA07A5D3B47718489A6DCE8
:10B2D000B8956F5431537A8790C2D3AE86644432A6
:10B2E00064838A9ADBC4A0785C344070878DABE0BD
:10B2F000B9926D512C527D8A91C4D5AF846343308D
:10B3000063888B96D9C7A1785B343E728B8CA6E09C
:10B31000BB926D502C51818D8EBED7B18363432F6C
:10B32000648C8C91D6C9A3765B353D75918A9EDF7E
:10B33000BF926D512C51848F8BBADAB38263432D47
:10B3400064908C8DD5CCA4745B343B7793899BE25D
:10B35000C1926C502B4F869088B8DDB58163432C29
:10B3600064928B8CD5CEA5745B343B7794889BE339
:10B37000C2916B502B4E879188B8DEB68062432C09
:10B3800064928B8BD5D0A5735A343A7694889BE31C
:10B39000C3916A502B4E879187B7DEB77F62422DEB
:10B3A00062928B8BD4D1A77259353A77968692DE0A
:10B3B000C7996C51304C8694809DDFC28E664A2FAF
:10B3C0005B908E7EB1DBBA805F41336A978880C91B
:10B3D000D3AE7558393D79988389D9CB9F6D513358
:10B3E0004B8594809ADFC48F654A305B8F8E7FB225
:10B3F000DBBC805F41356A958982C9D2B074573908
:10B400003F7796848BD8CBA16B50334D8393819B30
:10B41000DDC6906548325A8B8E81AED9C0856043B7
:10B4200036638D8C84BAD4BC7E5C4039688F898544
:10B43000C4D1B678583C406F91888BCECCAD705259
:10B44000394874908793D4CAA36A4C37517A8F874E
:10B450009ED5C998644637597F8E87AAD3C78D5E1B
:10B46000423960828C8AB2D1C7895A3E3C63828C51
:10B470008BB5D0C887583C3E64828C8BB9CFC783CC
:10B48000543B4067848C8DBCCFC78252394167845E
:10B490008B8DB9CFCA8552383F66828B8DB6D0CCA2
:10B4A0008853373F66838B8CB4D0CF8A52343D6843
:10B4B000848B89ABD1D59556313966828C86A1D0E3
:10B4C000D9A15D303563808D859ACFD9AA63323397
:10B4D0005D7D8E8593C9D7B86F362F547890858D52
:10B4E000C0D4C87E3F2D48738E8789B5D2D28A4991
:10B4F0002D406D8A8988A8CED89C5A2F3663838DBB
:10B500008797C7D8B26F3530557990878EBED3C52F
:10B5100081402E47718E888BB0CED294532E3865E1
:10B52000858C8A9EC7D7AD6E352F53788F8A91BD93
:10B53000D2C686442D426C8C8A8CABCCD69F5D2EB5
:10B54000305C81908A91BDD5C5853F283F6D908D37
:10B5500089A1C8DCAC662D2A567F938A8CB9D4CCDD
:10B560008D43273B698D8D8A9EC6DBB37032284D93
:10B5700077928C8CB1CED49C542B315E85908C9577
:10B58000C0D8C0823C26426D8F8D8BA7C8DAAC67CD
:10B590003129507A908D8EB4D0D19B522A315C855E
:10B5A0008F8D96BFD9C2853F25406B8C8C879FC8F5
:10B5B000DFB87334264B778D8782A2CFE2B4692E31
:10B5C00028517C8C8381A9D4E1AA5D2A2E59828BD3
:10B5D0008184B1D8DDA15529335D84898084B4D9B3
:10B5E000DB9D5229366085887F85B7DBD8994E2848
:10B5F0003A6286877E87B9DCD6954C293C6486877B
:10B600007D86B7DAD7984F2B3B6386877C85B5DA82
:10B61000D899502B3B6385867C84B4D8D89B542D15
:10B620003B6184867C81ADD5DBA25C31385E82864D
:10B630007C7EA6D2DEAA6433345A7F877D7C9FD17C
:10B64000E2B66F362C5276887F788FCAE3CE864278
:10B6500027446988827783BAE0DF9B512938608369
:10B6600084797CA8DAE5B066322E5778857C7893A9
:10B67000CFE3C981412B496A867F7785BBDEDC99A0
:10B68000542E3B608081787CA3D7E2B46F392F556C
:10B6900072857C788BC6DDD28C4E2F4363827E7898
:10B6A0007EAAD8E0AB6838345975837B7990CBDDBE
:10B6B000CB854A304865827D7980ABD7DEAA693B6D
:10B6C000355A72827B798EC8DCCE884E32486481CE
:10B6D0007D797FA7D5DEAE6E3F35586E827B798946
:10B6E000C0D9D493583741607B7E7A7C99D1DDBE36
:10B6F0007B4634536981797682B4D9DCA1633B3CC3
:10B7000060757E75748DC9DDD18B513749677E7840
:10B7100073789CD5DFBC784437576C80757280AEE7
:10B72000DADEA86A3F3C5E717E747386BCDAD89913
:10B730005E3C4263777B74758EC9DBCE8A533B4B8C
:10B74000667B77747997CFDBC1814E3C53677C76FB
:10B75000747C9ED1DBB77A4B3D58697C767480A7A8
:10B76000D3D9AC724A405C6B7B767584ADD2D5A5DB
:10B770006F4C445E6C79757686B0D1D3A16D4C4523
:10B780005F6D78757787B4D0CF9C6B4D49606D76CF
:10B79000757788B4CDCC9C6D514C606C757478888D
:10B7A000B3CCCC9D6F524C5F6B75747788B1CECEA5
:10B7B000A273534A5B6771727685A9CFD3B17E5865
:10B7C0004856626F7175809FCBD3BA885E4B5461C7
:10B7D0006D70737C95BECDC1966D57545F696F7067
:10B7E0007887A7C4C5AA8365555C656C70747E961E
:10B7F000BAC5B994705E5A61686C6F7A8BA8C0BD87
:10B80000A5846D5F6163666B728097B3BDB5987BED
:10B8100069606164676D7889A1BAB8A88C7668643C
:10B820006364686F7D90A8B7B19E87776B6663632A
:10B8300068718196ACB4AD9983756A666364697505
:10B84000859AAFB3AA968274696462646A75869AAF
:10B85000AEB2AA978374696462646B76879BAFB259
:10B86000AA968274696461646A76879AAEB2AB996B
:10B8700084756A64616368748497ABB3AD9C8778A0
:10B880006B64616267728295A9B3AE9F897A6C65B9
:10B89000616266707F90A5B4B0A38E7D6E666261B2
:10B8A000656E7B8DA1B3B2A7938070655F5D6069A3
:10B8B000778AA1B6B9B19C8572635A555861718671
:10B8C0009EB6C0B9A68C77655A54565E6C8097AE0A
:10B8D000BDB8A8907C6B615D5D626D7C8FA3B3B0D9
:10B8E000A48F7E70686564666E7B8B9EAFAEA391FD
:10B8F00080726A6665666D78879AAFAEA39281742E
:10B900006C6966676E788598B0ADA19282746C6A36
:10B9100067676D778497B0AFA39482736B6966662F
:10B920006C76839AB5B1A493806E686865656D770F
:10B93000869FBBB2A3907D6B666764656E7787A3B5
:10B94000C0B7A99177605D61616770788AAECBBF3F
:10B95000AB896C52575E6269727D93BACCC0A68087
:10B960006350555D656E76819BCBC9BD9F744F4A10
:10B97000555C6B767D89AED6C9B38A64414B5862FB
:10B98000737A7F93C8CFC5A8784E3F515D6C7B809A
:10B990007E9DD9CDBD9A6A39415965797F7C83B442
:10B9A000D9CCB38254334C5F6D8081778CD4D0C5B1
:10B9B000A56E373858687C857D77A7DED1B9885168
:10B9C0002649657287867183D4D5C8A66D30325AF0
:10B9D0006D808A7D6F9EE2D4BD8F541E4268768B47
:10B9E0008B6E71C2DED2B37B342253717F9083643D
:10B9F00081E2DBC9A05E183369808D8A6B5BA0F29F
:10BA0000E9C4843909458191937F535CC6FAE9B54D
:10BA1000681A135E90948F71496FEAF7DBA05108A2
:10BA20002674989689634785FAF6CF8D3E00388450
:10BA30009C9783574AA1FFF2C37B2C034D909C94A3
:10BA40007B4B51BEFFECB66C1E0C5B989C9276480B
:10BA500058CFFDE5AE631715669C9B90714562E07B
:10BA6000F7DEA3580D20729F998D6B446AE8F7DAD0
:10BA70009F540A25779F978D6A436DEBF6D79B4FAE
:10BA8000072A7AA0978C664374F0F6D6984B052E59
:10BA90007C9F978B634374EFF6D79A4B062D7A9E63
:10BAA000998C644472EEF6D99C4D072C789D988C45
:10BAB00066446FE9F6DCA1540A256F9B998F6C46AA
:10BAC00065DCF8E2A95F101D66999A9171475DCE19
:10BAD000FAE9B26818135993A196784B4FAAFBF56F
:10BAE000C87E2E053F85A79B8657437EF2FBDA97DB
:10BAF00045022C73A19E90654468DAF9E8AE6114A2
:10BB00001A598F9E94765159AFF6F1C57F340D3E88
:10BB10007D9B94855F4F87EDF3D69A520F2B6790EC
:10BB2000928E6F536DCFF0E3B472291C4C7C8F8DD5
:10BB30007E61609FECEBCA8F4D1733698B89896FEB
:10BB40005C7CD7EBDAAE712C254D7487887D676AF3
:10BB50009EE5E5CA995D23335B79828875647AC373
:10BB6000E5DDBA82422743667D807F6F6D91DAE31F
:10BB7000CFA6733533516B75807C6C79ACDFDCC537
:10BB8000955F303C5A72757C776F84C5E1D1B4877C
:10BB900052394E627073736F758FC7DEC9AB8556AD
:10BBA0004054656E70716D7894C8DAC5A6835849A3
:10BBB00059666B6E6F717C94BFCBBBA38A665C5E6B
:10BBC00065686A6B747C8DB4C4B9A69070615F655A
:10BBD00069686B737C89A7B9B4A3937F6E686B6C3B
:10BBE0006B6D70798391A8AEA3968D7A71716D6C2F
:10BBF0006F6E74818999A7A79B90867973736F6B19
:10BC0000717677848F989E9D948C877C77766E6D05
:10BC100075787A8690969A9A908A847C7C787274E9
:10BC200077787D86888E938F8C898381877D7A7ED5
:10BC30007C797E8281878E8B8B898383887E7C80D2
:10BC40007D7B8082848A8A8885858083857F7E82C9
:10BC5000837E8383858F868481817F84857E7F82B6
:10BC6000867F8283838D868384838084847E83839E
:10BC70008184837E83837F86868481848982868291
:10BC80007F8485848383818486848385828482857E
:10BC90008480858380848084868184858384868271
:10BCA0008384818485808184838485838582818265
:10BCB0008383828283818384828482858283858652
:10BCC0008082857F868485857F8483858284828245
:10BCD0008482848881828380838482848482848233
:10BCE0008584828583858082858184838182848026
:10BCF0008681848681828480858580858284818511
:10BD00008382848285828682818481828780858104
:10BD100083868182868187828482858381858085EE
:10BD20008284828683838580857F878283858083E2
:10BD3000867E8584818385818584848184808284D4
:10BD40008285818482868284848282848580887FC1
:10BD500084848186828382818582828584848185B0
:10BD6000838484858283838482858382838284849E
:10BD70008186808382828582858283818384838594
:10BD80008282848283858184828087818382848287
:10BD900087818584818680848385857F858184846D
:10BDA0008283818382868183838383848283867E68
:10BDB00086838283877F848682838582828584814D
:10BDC0008483828386808681868281867F85828342
:10BDD0008382868083848181858382848482858234
:10BDE000828385838582867F84858285838183851E
:10BDF0008084848385818481828484838282838316
:10BE0000877E8681848680858283858184828285FF
:10BE100081848383828384838583838384848381F1
:10BE200085828084828386808385818484838481E3
:10BE300083848284808683858282858384848383CD
:10BE40008481867F868382858085828483838283C2
:10BE500084828283838384867F858383857F877EB4
:10BE6000888183877F84848284858186818383829D
:10BE70008284838483848185808286808581858194
:10BE800086808386828384828187847F878282857D
:10BE90008381858184848186808681818482878074
:10BEA000868282848485858282818385808584815F
:10BEB0008780838582848284828283848383838251
:10BEC0008784848083848384848183837F8683833F
:10BED00081857F8583808782838480878283848134
:10BEE0008484828183808683808682848084828623
:10BEF000838480828389818386828382848281870E
:10BF00008185828182838285828286817F86838405
:10BF10008482818482848584867F868382858284EC
:10BF200085818383828384848284818384818680E3
:10BF300086837E85808384858383808483818580D6
:10BF400084858381868284858382858483838382BA
:10BF500083848382848283828283858083848085B4
:10BF6000818483838582848383848484848383849B
:10BF70008383838382838283838383838383838393
:10BF80008283838484848483848484848484848377
:10BF90008483838383838382838383838383838371
:10BFA000828383838383838383838383848484845E
:10BFB000848483838383838383838383838383834F
:10BFC0008383838383838383838383838382838342
:10BFD0008383838383838383838383838383838331
:10BFE0008383838383838383838383838383838321
:10BFF0008383838383838383838383838383838311
:10C000008383838383838383838383838383838300
:10C0100083838383838383838383838383838383F0
:10C0200083838383838383838383838383838383E0
:10C0300083838383838383838383838383838383D0
:10C0400083838383838383838383838383838383C0
:10C0500083838383838383838383838383838383B0
:10C0600083838383838383838383838383838383A0
:10C070008383838383838383838383838383838390
:10C080008383838383838383838383838383838380
:10C090008383838383838383838383838383838370
:10C0A0008383838383838383838383838383838360
:10C0B000838383838383828383838484838383834F
:10C0C000838383838283818384848484848383843D
:10C0D000838382828282818384848685838483832E
:10C0E000838580808380818184878887838582841B
:10C0F00083857F808280818085878987838481830F
:10C1000082837F807E81828186888D8984837E83FD
:10C1100081827E807D828184878C8F8B8584807FE5
:10C120007B7B77777B80808992989B9B8B867D74C5
:10C130006A716B6C797F80919F9FA3A18B837A6CCE
:10C14000626A666875818398AFBCAFB493736958AF
:10C150004B4E605971868EA8D0D6BEBE86695847B0
:10C16000424B5A5C7D8398B7E2C2CFA96F62553CBF
:10C1700044604D6B7D8BA5E0D8C8C57A69514935BF
:10C18000635255808090C6F8B1DCA1645955384798
:10C19000694875798AA9F2C5D5BF67674E423A7179
:10C1A000496C7A859CD7DEBFCF766D4D5138675C80
:10C1B00059807E90BAF5AEDB8E6853553A5F69536D
:10C1C000817C8BADF5A8D8976657573D59724F8340
:10C1D0007C86A5F6A8D4A8615B5642547751807E30
:10C1E00087A7F2ADD49B6253533F60725A80808C14
:10C1F000B3EFAED588644F503D676A61818091C7C7
:10C20000DDBCD274654D434073587684819EEEB791
:10C21000D4B260574B3952715B80838BB5EAB6D983
:10C2200086644B443D6A617185829CEBBDD3AF63EC
:10C23000504639586C697F8492D7D3C8CD6C5C471F
:10C240003846725E798889B5E9BCD48661493D4239
:10C250006961758989B3E7BCD18A624B3D426562E9
:10C26000738A87AAECB9D298624D3F3F5F647089A8
:10C2700089ABE9BFD196624C3B415F64718B8CB155
:10C28000E7C0D08E634C39425F63708B8FB6E4C3D6
:10C29000CB8764483D455D67738C9BD0CECAB57132
:10C2A0005C40434B606B7E90A9E4C1CB9F6B5140D7
:10C2B0004651646B8696B9DBC1C1846C4B464955C7
:10C2C00068728CA1D3C5C4AB7562464B4E5C678166
:10C2D00093ACDABDC192735A4A4D54646B8998BCD1
:10C2E000C8B7B081725557506067758FA1C1B7BA92
:10C2F0009A7B6C545952666B808EAFBEADAF8A7A12
:10C30000665F5E626B738892AEA6AA9683796B694C
:10C31000636E6F7E879CA99EA38D82726E6A687120
:10C320007284899E9F9E95898075726E71747884DF
:10C330008B97999790887F7A747274767A848C95AB
:10C3400096958F857F7A767477787D858C9390909B
:10C350008B84827C7A787A7A7F85898F8D8E8984A6
:10C36000827C7C797B7A7F85898D8B8C8884827FA7
:10C370007D7D7E7D80838788888887848381808097
:10C380007F80818285868787878483828181808080
:10C39000818284868686868483828281818182826C
:10C3A0008485858585848383828181818282848559
:10C3B0008585858483828281818283848585858445
:10C3C000848382828282828384858584848383833A
:10C3D000828282828283848584848483838382822E
:10C3E000828283848484848483838382828382831D
:10C3F000838484848484838383828283828383840A
:10C4000084848483838383838383838383838483F8
:10C4100084838383838383838383838383838483EA
:10C4200083838383838383838383838383838383DC
:10C4300083838383838383838383838383838383CC
:10C4400083838383838383838383838383838383BC
:10C4500083838383838383838383838383838383AC
:10C46000838383838383838383838383838383839C
:10C47000838383838383838383838383838383838C
:10C48000838383838383838383838383838383837C
:10C49000838383838383838383838383838383836C
:10C4A000838383838383838383838383838383835C
:10C4B000838383838383838383838383838383834C
:10C4C000838383838383838383838383838383833C
:10C4D000838383838383838383838383838383832C
:10C4E000838383838383838383838383838383831C
:10C4F000838383838383838384838383838383830B
:10C5000083838285838383828482858183848482FA
:10C5100084828385838281828181828580858186F0
:10C5200083858481838281838684838581868386D3
:10C53000887F867F8A7F868281838382807F8587CA
:10C54000878483828184857F827F848283838285BE
:10C55000828581867E82808680838A8089868583A3
:10C5600082848583867F838283848182828384829E
:10C570008781867D84817F8684887F87828383828A
:10C580007F8580837F82828084838683848683877D
:10C5900083858584807E8580898087828686828463
:10C5A00084828280827D8084838281848881888263
:10C5B00084838484848580817E857F83837F8B824E
:10C5C0008881858786857E8483848386807E877F35
:10C5D0008880878284868584848382807E837F842A
:10C5E00080858186848389818283847F8282837F20
:10C5F0008181808884848288878A858281828382FF
:10C6000083838183808682838483868489868583ED
:10C61000828381828181817F847D8680857F8486FB
:10C6200085868382828280848285828486868184D4
:10C6300081818086818685858785808380807F86CD
:10C640008187868586848080807D8083868A8888AD
:10C6500085847D7C7D7982838C8D8C8883847A7CB3
:10C66000787B81858F8D8F888283767B757A8486AF
:10C67000968F9489807F6F7475728B899E909B854D
:10C680007E7B6B6F747888939F909A837D746E6EB7
:10C690006F82869F9A9E8C86786E696C757D97A155
:10C6A0009AA2868469755F6A7F7EA29CA8908C7D21
:10C6B0006370626D7E8DA898B086857662666376BB
:10C6C000809BB099AA847D6863645D8782ADA4ABCA
:10C6D00094807D5966616D8692B999B2857F676055
:10C6E000615B8087AEA8B2987D7B556056747E975B
:10C6F000C19EB5838558635B5A7F8AB3A8B8987C7E
:10C700007B4F5F54717F9BC49FBD8280585F52579F
:10C710008386B7B3B99C7C7C465F536B819FC7A06F
:10C72000C1817E565C50558687BEB2C0987B7543EA
:10C7300059517381AACBA7BB7E7C475C4F578A9027
:10C74000CCA5CB8A79684D57518181B2B9B0A57615
:10C75000804B6259708496C894B579845663655E3F
:10C760008889C490BD8A766E5A66558783ABAEAD14
:10C77000A16E844E615B738496CE94B87A81535BCC
:10C780006359888CC997C190706E5362508486AD8E
:10C79000B7AEA76B834A5B596F8697D596BC7B7EF5
:10C7A00052566256888ECC9BC2946C6C4D5F4F8300
:10C7B00088AEBEAEAB69814757596D8799D998BF8E
:10C7C0007D7A51526054888FCEA0C398696D4A5CBF
:10C7D0004D8289AFC5B0B1697F42505666899BE4EE
:10C7E000A1CA886D513F53458692C8CFC4B36174C6
:10C7F000314349678BA4F2A9D0816F423B52468BEB
:10C8000095D8C1CEA95E6B324744758EAEEEAFC8E7
:10C810007274373D52508C99E7B2D39C605C354DB1
:10C82000418191B9E3B8BF6876343E50568B9BEA9C
:10C83000B0D29C5F5D354C427D8FB1E9B3C46E765A
:10C84000373C52508B99E6B4D1A25C64344B4577A7
:10C850008FA9F2ABCB7970413956448C94CCCDC4BE
:10C86000B55A7630444F628E9CF4A6D2916256350A
:10C8700052428291B0EBADC76F753C3C59478E94E4
:10C88000CCC9C1B55A773345535F8F99EDA6CF997F
:10C890005E603652477C8EA4F0A3CB7D6F493D5835
:10C8A000448A8EB6DEB0C1687B3A44584D8E92CE33
:10C8B000C1C3B25C79344A545D8D95DDB1C9A95CC0
:10C8C00073364D55608C94DAB1C8AB5A76364F56F4
:10C8D0005F8B93DFABCBA75C72375153658A93DDD7
:10C8E000ABCAA85E753852545E8B91CABBC1B360A7
:10C8F0007E394F57548B8DBBCAB9BA65803C4C57B3
:10C9000051888AAEDDADC479764844574D7988A008
:10C91000E2A8D09962643C514D668896CDBEC9ADFF
:10C920006079394D525B838CAEDEADC27F744E456B
:10C9300059516E859CC2C0BFB1647C405150607A31
:10C94000899FE2A3C88F6F5B455A516C8096B1CE28
:10C95000AFBA717C4457575D718796BBBFBAA76762
:10C960007F3D5D536D6D8F9AD1A2C991686C4A5E0F
:10C97000507871949ADA9AC48373605460507C72D0
:10C980009894DE92C7797C535F5D55757B9997D9F2
:10C9900097C16C8A45645B646A7E9E95D199BE6836
:10C9A000934A625E696977A28CD494C169944E609F
:10C9B00060676C75A28AD392C26A8E585D64627792
:10C9C0006BA485D090C173826E536E598261A67F2D
:10C9D000CF93BB7E7C784D72588060A47CCC96BF90
:10C9E000808075516A5C7C5CA772CA9BC086897620
:10C9F0004B6F557C59A66EC3A7AE9E827F46794F7A
:10CA000076658F879FBF98B773885568665D7E731C
:10CA1000A07CD292AF837E6A557A4A8D689B80CB88
:10CA200097A6977472577750866A9285BE93AC9C8E
:10CA300074775E784D88669084AD9BAAA766925500
:10CA4000784F8763878E90B798AC71955D667166F5
:10CA5000797A8991ACA093A16D7C5C7A60798271BE
:10CA6000AD8AB18DAD65836B6279628D6AAB7DB540
:10CA7000989882767F50904E966D8E9698AA7CAF4D
:10CA800058945583657B846DB671BD7FAA668B6CA7
:10CA900067845E946AA47AAE9092857E7769816895
:10CAA0008A759084A08D938D7E796F7F678A748B51
:10CAB0008A9293909576876E7D6F817C818E859723
:10CAC0008A8E7F84787B7B7C808088888E8A89842C
:10CAD000817D7D7D7C808086888C8B898681807D30
:10CAE0007E7C80808387898B888782817E7E7E7F23
:10CAF000808287888A888784827F7E7F7E81818604
:10CB0000878988868482817F807F818285868787E6
:10CB100085848282808080818284868687858482E3
:10CB200082808080818384868686848382818181DD
:10CB300081828485868585838281818181828385C6
:10CB400085868584838383838383838383838382AE
:10CB500082838383838383838383838383838383A6
:10CB60008383828383838383838383838383828298
:10CB7000828282838383838383838383828282828C
:10CB80008383828383838382838383838383828279
:10CB90008283838383838383838383838383838366
:10CBA0008383838382838383838383838383838356
:10CBB0008383838282828282828283828382828250
:10CBC000828282838283828282828383838483833C
:10CBD0008282828282838382828383838384848429
:10CBE0008483838383838384848484848382818114
:10CBF0008182828283838382838282828283828211
:10CC000083838383838382828282818282828284FD
:10CC100082848482838381828482848584858682DF
:10CC200083838182848482858381828280828282DE
:10CC300084858484848180807F80838384848482CB
:10CC400083838080827F80838282858483868582BD
:10CC500083828083848385868385858283848180A3
:10CC6000838281858682858582828380818281829A
:10CC70008484838482808280808282808383818294
:10CC80008481818481818483828384838483848476
:10CC90008483848483858582858582838482838658
:10CCA0008686878684838280807F7F818081858459
:10CCB00085878481807F7D7D808081868586848450
:10CCC000817E7F7F7F818285848485848283828048
:10CCD000808382848687878788858484807F81801B
:10CCE00082858687858283817F8082808184858317
:10CCF00085858181827F8083818083838383828213
:10CD000081808182828386858385868283838080F9
:10CD1000848584898A8685858080807F81828287D8
:10CD2000868687878280827C7B817F7F85868487D9
:10CD30008781807F7C7B7D7F8186868888838381D5
:10CD40007D7B80807F858A85888B878285827C80B9
:10CD500080808588868A8B8786858080807F818594
:10CD6000838489857D86817E82848080868080849C
:10CD7000817F837F80818282848683878580828190
:10CD80007A7E8480838C898387847E80827E82847D
:10CD90008287898787878280817B7D82808089885E
:10CDA0008588877F7D7F7A7B838282898685868658
:10CDB00082817D7C7E7E7C858585888A8382867D56
:10CDC0007B827F7F86888688898684868082808031
:10CDD000818483848883848782818481808485831D
:10CDE0008386847D83817F83828285837F837D7C2C
:10CDF00080808089878389827F7E848084898984FA
:10CE000086807D7F8083898D8C8B857A7A7676810A
:10CE1000898D92968C857C776D757B7E8C948F92B4
:10CE20008D807D726E75787D88928E8E8D7E7877FE
:10CE30007375818684908F8786827A7A7E7B8489D7
:10CE40008A8C8C847E7D787982868992918885828D
:10CE500075757D7C8290928F91887D7B7272787FD0
:10CE6000838E928B8883717178758091908F95896C
:10CE70007B7A726E7A818B9499948D81766C706EC8
:10CE8000778D9396A49684836C646D7479909A9E42
:10CE90009C96877867636973838F9D9B908F81725F
:10CEA00074716B7E878895988C867D75717580838B
:10CEB0008C94938C87787572717F908E9A9B8982FF
:10CEC0007F6F6C777B84919A95908A7B6F6E6F767B
:10CED000858E959B8F8880716A74717B8F939595F1
:10CEE0008B7E716F6A6D7F8E929E9C9286756A6949
:10CEF00067728C949DA79C8B7E6E6361707989A10B
:10CF0000A1A09A89766A666A73838C9D9A929083AF
:10CF10007471716C79888C949892827C776D718031
:10CF2000838D96928E8478727272808C8F98988C92
:10CF3000817B746D758085919C94918A7C717070F1
:10CF400078838D9898908B7E716C6F767C8D989598
:10CF500093917E716F696B7E8A939C9E9186746AB1
:10CF600066667385949DA39E8F797660616E7886E0
:10CF7000A0A39F9C8D786E6469727E919AA09A900E
:10CF800083766C6E737787908F9595807E786E72BE
:10CF90007F848B93918A817B6F6E747C8894949646
:10CFA000907E76756A748184919F9791887E6B6E6E
:10CFB0006B78878F9F94988A7579686D7A808F9F38
:10CFC0009D9193776A6868728792A4979A836C6C34
:10CFD000656E788C8D9591848B7F8187767A73725C
:10CFE000767D949E9FA19177645B5B708EA2AFB0BB
:10CFF00097806C5A617583A4A8A39280665B66775C
:10D000008F9EAC9A82765F5D737D96A39B908171B3
:10D010006D727C8D9792897B6E6C728E969EA589BF
:10D020006F6559617D98ADB6A5876B4C4C5D7CA54D
:10D03000BAC0AA876246446080A1C1C1A189634980
:10D040004B667FA1B0A8997A68636880929E9987A1
:10D05000776561728E97AEA887755E505E7899AFDE
:10D06000B8A68B6B525460849FB7B3987F5D485BC2
:10D070007092AEBFAD8D754F4C58779BB6B7AB8AEB
:10D080006F5957657C93A4A194886A6A6F79859AD1
:10D09000938788706B707E9299A496826F5D66709C
:10D0A0008BA1B0A7927E5B4E5D6E90AFBCAE977DBC
:10D0B000534A546D8EAAB9AD98795C595C7390A3AC
:10D0C000A09E886A69656F8A9B9E978E7562656C63
:10D0D0007D91A69F96826B6566729399A098886EE3
:10D0E0006568708CA7AAA88E74594D637596B5B9FA
:10D0F000AF976B544D4F6D93AAB6B3927960505A67
:10D1000071909DACA5897067626B86969A9D8977B0
:10D110006B69768C97A098826C6160748AAAB0A2C1
:10D12000987153515C769BB9B9AE8D68504B5D7F59
:10D13000A0B7B6A07D5F51516C8FADAFAD946C5967
:10D14000565B779AA8AC9E84705D637586979C95B4
:10D1500083746F728193A09A8E83605E677693ADBD
:10D16000B5AA946E5A4B577A92B3B7AC956F5C528E
:10D170005D739AA8ACAB846C5E586A869CA79E8A45
:10D1800077615B748494A59A8C73675E6D8597AEA6
:10D19000A6967A61555D7C94ABB59E816E565570AE
:10D1A0008E9CB2AB92765F56597798AFB7AD8C68CC
:10D1B00056475A7A95B2B5A28A755959687A8D9FA1
:10D1C0009E8A7F7570788D94938F7D676466799859
:10D1D000A3B5AB8E71564D597696B5B6AF926D60CC
:10D1E000535C7C93A7AAA48774625C6E8098A6A304
:10D1F000937C6961697B8D9EA1947F726762788B55
:10D20000989F9A86736864768497A59B8B75645FF4
:10D210006C859CAAA999765F54587695B0BCAC975A
:10D22000735348566C8EB5B6AF9A7A60545F6F8868
:10D23000989F958C7873777E8B92898475696677D1
:10D240008B93ABA5948064565A6D879EB0AA977E47
:10D250006A5A5E7887A2A99E917563626D7F9BABC7
:10D26000A7967F66555C7586A5B0A38E78615769D1
:10D270007693A19E97836D656E79879A998F7B715E
:10D28000656B8692A4AC92796756557191A9BFB629
:10D290009E7A54484E6A89B0C3B59D84604C5F6CD9
:10D2A00081A0A69D8F7D6E6D7B839796907E6C6529
:10D2B000667B8EA0ADA185706051638391ACAD9A01
:10D2C000826F605B75899FA8A58E71615264839996
:10D2D000B6B79F81644C4E6E85A5BBB09C7A6752F1
:10D2E0005A72869DA8A18A7B6A65757F949A9283FB
:10D2F00075696879929AA79D81675B546289A7B71F
:10D30000B7AB7D5C4B436285A7C1BEA683644A4E22
:10D310006881A1AFAD93786C576A8492A1A48E7492
:10D32000665C648393AEAC9F836758546E889FAEEF
:10D33000A78C70635765899DAEA8977259505D7927
:10D340009BBABFAD8B634A435880A4C3BAAD856511
:10D35000504C68849AAFB1967B6A59637494A4A0C8
:10D36000997F6A5C657B92A5AA9E806658536D8DF5
:10D37000A7B9B19A71574B4F7391B4B7AE90715E24
:10D3800051697E9BA7A492746A626D8D9FA8A98D36
:10D390006A59515A7C9EBDC1AD8D604841567F9EF1
:10D3A000BBBFA57D644D517089A8ACA7866C595749
:10D3B000668BA3B4AF96725C4C5A7998B2B6AA83C6
:10D3C0006B574E6A87A0B2AD97705F566082A1B26C
:10D3D000B09F78584F507498B2C1B68A664C3C568C
:10D3E0007DA1C0C0AF825C4B475B86A0B2B3997C85
:10D3F000675A647F8D9F9F8C736E617392A4B2A8ED
:10D400008F6D49495376A4C8CABF946245344475A8
:10D4100099BECEB8926F52495D7999A9AF9B7C6B4A
:10D4200061627C94A2A29B74675C5D7A91A6AEA2B5
:10D4300083695C556F8BA5B0A8956B54535B7FA631
:10D44000BABBA87F594743658EB1CAC2A272523D8A
:10D45000456A92B6C1BB986F5C4958738FA3AC9E66
:10D460008774676B798994948671686B7191A9B19F
:10D47000AB916A46444B709CC7D0C4A26B46313F07
:10D48000678EB9CCC2A5756049536F8CA0AAA285DE
:10D49000776C687B8B9997927C69646A7C93A4A370
:10D4A0009781615A5D6C92A7B2AB936E504C5778DE
:10D4B000A3BBC1AD8C5E43435883ACC6C4B27D5B95
:10D4C000463F638AAAC1BAA17B6352576F8B9FA163
:10D4D000A08875746E7F8F8D91826A63687390AE39
:10D4E000B4B0936E453E486897C1D5C5A87746331A
:10D4F0003B5886B1C4C9AE7E68504D698499ABA4CF
:10D50000927C746A7285939491846B6C6E78919D11
:10D51000A19787685F616B8C9CB59F9A6C54515A38
:10D52000759ABCB7A88C5C47485783A8C7C0B17B25
:10D5300052433E6190B4CABAA36D524A55789BB625
:10D54000AAA57D606562869BAAA28B6758536A92E2
:10D55000B5C4BB946A3A2B4867A9CDE0C39B653438
:10D560002D3E6A9FC0D1B994654A475484A0B8B192
:10D570009A7759576682A7B7AF977452495F78A8D0
:10D58000BDBEA9795640476894BECDBC93613A327E
:10D590005479B7D9CEB1774026305D99CCE0CE9D95
:10D5A000623225416EACD3DABC8E5336375386B324
:10D5B000CDC1A4705147577EA6BDB39C6E4B495850
:10D5C00082ACCEC6A8774029375C99CDE2CFA4685B
:10D5D000332434689CCCDBC09B5F3D364F7DADC3AC
:10D5E000C6AA764C3E4A709CC6CCB68D543E395C79
:10D5F00089B9D0C8A373463C47729EC1C7AC8A5351
:10D6000040426194BECBBB925D37354B83B2D7D1DC
:10D61000AD7D412D345893C4DACBA96F41323C69BA
:10D6200099C3D0BE986447435A84A9BDB29E6D5633
:10D63000506086A9BBBB9972483F4871A1C8D0B859
:10D64000905B34324E7BAECFCCB18050383C619091
:10D65000BDCCBC95603E3A4C83B0D2C9B17B493554
:10D660003C6094C3D2C5A06C4A3C4E759FBCC0AD13
:10D67000805D4C506D96AFBBA4875D4A4E6893B9F0
:10D68000C3BA8F5E44394D7EAACDC9AF814E3738BB
:10D690005A86B7CBC5AA76503E487199BCBFAE88B2
:10D6A000624F516E92AFBEAA90604A485E87B2C781
:10D6B000BDA4714A3C49709BBFC8B18B5B444360B9
:10D6C0008EB5C2B79465423F4E7EACCAC9B0794AA6
:10D6D00037395E91BFD4C2A2704A3D4E739BB9BC2C
:10D6E000B2875F54536799ACBEA77C63514B73916B
:10D6F000B5C8B08F6C38374A7AB9CECEB4774D36CC
:10D70000386084B2D2C5AF7741363D6FA8C2CCAB8A
:10D710007C5E3F517287ACBAADA268494A4E87B170
:10D72000C4CD9D7055425A7589B2BAA89B665448BB
:10D730005889B4C1B98A564946618BA3BDBDA18E33
:10D740005C3D3F4E8CC0D5C299674C415A7891AA36
:10D75000AFAC9674584D5D87A9BEAC836453587EB8
:10D760008DA5B39C947E5652476DA6BDCEB476541B
:10D77000383E758FAEC0A7A6854F4C42619BB6CD93
:10D78000BA7C583D497C91A6BBA2987A56575266FE
:10D790009EBDC8B1785748507B95AAB4978F7A61DF
:10D7A0005E5E7BA3B5BC9B684B43568FADBFBE94FA
:10D7B0007D5F454F537AB1C7CDAD734E30457A96F4
:10D7C000B5B89995775A5A5674A1ABBAA66E534616
:10D7D0005E94A4B2B1897A6253657285B4C1B89B74
:10D7E0005940435891B5C1BB8F72624B526786B6A0
:10D7F000C8B499603A3D5994B7BEB392715A4A5031
:10D800006B88B3C8B99C6140435B8CABB6AA8F7779
:10D81000686064788FACB8A18555445579ABC4BBBA
:10D82000A37B5A4F4E5B819CC6CDAD884E32426D74
:10D8300094BCBAA7916A6255537491B6C1A480553D
:10D8400038517DA1C0B497866158595E88A3BAC784
:10D85000A27249325688A7C7BD977F564E5B618832
:10D86000AFC1C9996241314E8EB1D1C6917754434F
:10D87000495785B8C8C7A96B402F4B85A4B7BA963E
:10D88000856957626C85A4B8AE955D474B6AA4BFA5
:10D89000C6B37F614E475C799AC5CEB79354333493
:10D8A0005893B8C9BE92745848506B8AB9C6B3949D
:10D8B00058373F5A99B8C4B2896857485A7990BDC9
:10D8C000C3AB8F54394C65A3C3BEA4806056526667
:10D8D00094A0B9BC9E7E432E5380ACCCC6AB7C4793
:10D8E00047505B829ECAD3A37A5336416598C4B829
:10D8F0009888706058619096A8A7997D5241679367
:10D90000AEBAB0926A4848647C96ADC2BF90604798
:10D910003F5682AED3C2927158514F6998B3BCAD95
:10D920009A6B43355796B0BEB39375524B64738967
:10D93000A3B8B790605250658CA7BFAB7D6C645C98
:10D940006A7D9FB7AC94855A474571B3C2BCAC8021
:10D950005D48436C8C99B7C3B18F4E3F506289B11B
:10D96000C0B282666B615D778EA9AB8C8C684C53BC
:10D9700077AEBEA792785A56577C989AACB59E79E6
:10D98000493F617CA0BFC29F70515C61688BABBC9A
:10D99000B88C7C53384A7DB4C9B3987D574F4F72C9
:10D9A0009097ADBB9E774F45667D96BBB4916F59FE
:10D9B000696F6E93ABAAA17C6D5A43619EBDCAA6E6
:10D9C000836F45485F87A8AFB7BA955D3E39648AD3
:10D9D000A1C9C5916C555C696886ADB29E896B5BC7
:10D9E0004A5D9DBBBAA0776C5750678E9FACABA6C3
:10D9F0008D563E51779EB2BBB17D56555A71869F6A
:10DA0000BFB995795246486BACCBC6A47D614D47F2
:10DA1000628BA0B0B3A6875140527695A8B7A97B78
:10DA20005C5F67748098B4A983735A515A7FBCCCE9
:10DA3000AD876454525178A8ADB6B199783F32633E
:10DA400088A8BFB8A5774D5C64708B9EB7B7866F0A
:10DA5000574A5E86B1CBAB836E545A5B739AA5A6C8
:10DA6000AD8E6D4A436E96A6B9A885684F5F7581E5
:10DA7000A0B1ADA3775A4B4564A1C9D2AF81614A29
:10DA8000485C81A5AFB5B49264463E6991A4BBB32E
:10DA90008B695C696A788B9EAFA37A6A5A4D6DA5D3
:10DAA000BAB993615C575F77A0ACAAA29F784E4049
:10DAB0004881B5BDC5B16F4D4C5775899CBCB69FAB
:10DAC00077534E486BADBFB99F71605F587196999F
:10DAD000A2A8987E52465D86A9B5AE9665485C6F51
:10DAE0007E9CA5B2AC8168564A5787BCD0B3896981
:10DAF00052525C7CA3AAADAD9970453D5C8FB4BE1B
:10DB0000B898634D5A697C899AB5A88B6F5754644D
:10DB10008BB4BB9B735D5967738EABA2A2987B5E7F
:10DB200041457DA8C3CCA47E533C5D7683A5B0B7A8
:10DB3000A9775E534168A0BFCAA0776B50536E8728
:10DB4000A5A7A4AC8C55424678A5AFBDAB7051508B
:10DB5000667E8796B2AF927258515073B5D0BF8E21
:10DB60005D52505B80A8B1B0A8967645334D8AB619
:10DB7000CACAA46D47476078899DB1AE97745C5658
:10DB80005279AAB7AE8060605E6E8DA5A29B958922
:10DB90006D464B6A97B9B9B19454445A6E8D97A2A9
:10DBA000BDA27A6B53545E86C6CFA4825E555C5B81
:10DBB00085B3A0A7A9917240396993AEB9B3925EBB
:10DBC000486579849297AAA172675B5D6C9ABBC223
:10DBD00097635354617B95B7AE9C977D5B434377C6
:10DBE000ADC3BEAD8456475D778A96A3B2A379676D
:10DBF0005B576E93BCBB916D5D5D6B7595AB9C95F2
:10DC0000997C5C4A5082ABB3B19B744F4C70878C4B
:10DC10009CA4A593655B5D5B78B1C9C08F5C5151D5
:10DC20005C7E99B6B09E9F824F424B7DAFBAAFA249
:10DC30007755596C858A8D9EA18E6F5E626B80A927
:10DC4000BFA47C574F65768AA7AB9E90826E5349DE
:10DC50006697BABCAA89644754778C98A5A4A38E0A
:10DC6000635F5D6188B1C2AF7F625C616A84979FC8
:10DC70009D98977C554F6389A6A4A18D6C60748490
:10DC80008F8A88938978706A717E97B5B388634963
:10DC90004F6D84A2B6AF998F755C4C4877A9C0C010
:10DCA000A9805F485C778A959CA4A08564645F6ABC
:10DCB00091A7AC916F666F7B7F92969083877F6D03
:10DCC000606C88ABAB9885614B577D98A5A29B96FD
:10DCD0007F62575A6887B4CCBD8C644B53647A9B7F
:10DCE000ACA5A49A82654F4D7796A3A99B826F6FCE
:10DCF0007E8A84838088877878807C94A49F9164CE
:10DD00004A536A87A4B3B2997E6E594B566E9FC22E
:10DD1000C2AA8E5F475367839A9EAAAC92746159D8
:10DD200061799DAEA287786E7E7C808D887F8689A2
:10DD30007E7A71819DA0928067565A7D9FACA6988D
:10DD40008976604E597184ADCABD976545495D724B
:10DD500097ACB2A99D886B4D49638BABAFA4957707
:10DD60006A777C82827A878B80827F858D979C9070
:10DD70006D5252698BA4B1B19A7B6C5B5358699216
:10DD8000BEC5B0936648455F8299A5ACA999765CFB
:10DD9000585B6E96AFAE947A6D74777B898E89846A
:10DDA0008B8677737993A399866F5F5B6E97ABAA27
:10DDB0009C897C6751546A84A1C1C4A670473F53B3
:10DDC000698BA9BBB19E8A6E52465684A9B0AB97A7
:10DDD000816A6B7982827F848F887E7C8687909E21
:10DDE000967B5D5062859BACB3A5866E6153556290
:10DDF00087B6CAB796724E3E577A98A6ACADA18246
:10DE0000595056688CB4BDA47D646671727F92943B
:10DE1000908B8D7C6C6E81A0A28D75695B658CA5E5
:10DE2000B39F8D7E6F514E5B84A5BFCEB779492DD0
:10DE30003E6382AEC5C4AB87694733466FB4C8C47E
:10DE4000AF84644956748398A2A8A37A63636A82F4
:10DE50009BB2A7816153697D8AA8ADA78A79684E74
:10DE60004C6694C3C6AA8E654541618298ACB3B432
:10DE70009B684A4254739BC3BD9D816367625E7415
:10DE80008D9AA0A89D83676071848583888C899012
:10DE90009D997D6E666E7D74889E9EA29E8C6F4F4E
:10DEA000465F8DA6B5B6A17E5D595B61768FAFBA30
:10DEB0009F776955577B97A9A48A7C766763768F8D
:10DEC000A1ABA89667453F5D95B6C0C29C6D514613
:10DED0004A6685B4DCD4A16E40283A69AAD0D2BB88
:10DEE000956B42223E7093D0E3CA9C5229324E7207
:10DEF000A3CBCBB4936E4B3C4871A4C1B4A38D6348
:10DF00005B67718B92919E9A7F6A6F707F99A1A0D7
:10DF10008568616B818696A496908572655E65833F
:10DF2000A8AC9D9175616A6F838683889296887A82
:10DF30007D75768489857F777F95998A88786A71DF
:10DF40007A8A93929597987C6062607398B1B9A62B
:10DF50008261595557769BABBDB3997247384D7E58
:10DF6000A1B3C0AB856B59545B7289B1BDA2856901
:10DF700052596F8EA6A398867D6E5A6A7C95AEB173
:10DF8000A37D5A47578395B0B8A48F6D5D52576CE7
:10DF90008FBDC7AB8D654A4A6186A0ACA69F956CC4
:10DFA0005555607B9AB1B299775E656E728492998D
:10DFB0009895917B70646C908D8B8C8386858E9206
:10DFC00087796874817E878F9898938D7665565F80
:10DFD0008C9EA2A191846C686D717C819CA89680B6
:10DFE00066686B7A989D99816C7472767F91A29C19
:10DFF00099846D56516A9FAFBCA6966C544B5F7561
:10E0000098AACDC4955E3D364B84B0DBCEA2725645
:10E01000383D5594BCCDC89C713F3148829BB0AB14
:10E02000AC887B655F6363799FB2A59379755B6DFF
:10E030007090969A9A9A7D62506886A2C4B3A35F44
:10E0400043406183ADC2D2A47C4F35405B96C7DDAF
:10E05000AF875A4645708AB0A595887971657989E8
:10E06000938B89757269829DB0967467576583A397
:10E07000B4A9847863685F7A9CA5A998826B5F6273
:10E08000849D9F8682757A8490978871626D7C8862
:10E0900094AA9F916E5A53677AA7C0B1895B4C4C82
:10E0A000789CC0BBA06C53425273AFCFD3B27B46B7
:10E0B000223161B2DDDCBE914E3631598BAFBFC12A
:10E0C000AE7554485B7192A1AC93877480816B6D7F
:10E0D0006F798B9CA3A4826C5664617A98B7B8A3BD
:10E0E000815A424869A4D2BFA874543F567AABBD46
:10E0F000B89B8157425177ADBFC59F774A3B57893F
:10E100009EB3A9997D68666C7B8088938C777A7FB3
:10E11000949495836C5854719EB1B2A288685059FA
:10E1200066859BA7B59F786258697D95A39B8A7980
:10E13000798989817C7C767C8D96A18F7F78685ADD
:10E14000697FA8B6B19D6A4636548EBEC6BB906341
:10E150003D42548DAEC2BBA1693F345889B1CAC09B
:10E160009E644948657396ACBDAA9C7465544A6B1D
:10E170008AA4ADAFA899736344505C85B7D6C8979D
:10E180006C47374672A0C9BFAC8660343B609CBE0A
:10E19000C9AB8653394D77A2AAACA4866A5E5D7777
:10E1A0008297A3A388716E7A878B88887A78849601
:10E1B000A48B786C676D8394ACA78F796A52517584
:10E1C00096BAC2A084593E536DA3A6A89886726DD4
:10E1D00068848281808482768C9AA79A7F5D534C72
:10E1E00072A2D3C7A9744D3C4771A7C9C9AB835B61
:10E1F0002D4165A9CED4B07F492C41739FB5C2AEE5
:10E200009668594D616E899FAF9A8F82826F646163
:10E2100062738CB5CEBE8E5630364994C8EDD89A0E
:10E22000622D14347ACDF9F2B66522012881C7EE49
:10E23000E3B27434293975A6C0C9B37756465D81F7
:10E2400097A09585707488988A79676767879BB768
:10E25000B18E6954414C7AB3DED5AD683B173C7A38
:10E26000C1DDD1A2744541557EA8AEAB9075566014
:10E2700080A6AFA5785D41538CB9C8B48557403EA0
:10E28000709DC6C4AB7A52284274B3DED6A0682E05
:10E2900019518DC6DAC89A6B3B3E4E7EA2BEBDAC0C
:10E2A0007F615E6378888F8C92849BA1947C5F49A8
:10E2B000586E9FC3CAB58055362F4C97C8E5D49D7C
:10E2C000592711458ECCDED2A165392A4F84AEC7BD
:10E2D000C6A1733C3E5C8AB0C3B19363525B748445
:10E2E00095A59997857E7C726B727583829AA9B089
:10E2F0009C7A523D42629FD1D4B488513B305B8CB2
:10E30000B7C1BB97754749658FACAB987B615B7AAA
:10E310009EAEA08E665C526C94B4B7A78B66474ADB
:10E320007099C1B9A6765440638DB4B1A4805D5094
:10E330005D7A9DB0A79E775B4A607BA7B1AF91766F
:10E340005863768A9486837C86929B999068594F0D
:10E350005D7AA8CEDDB67B3D1B2456ACECF3CD8DAB
:10E360004B27214F8EC5CDC49A6C423D5F8CABB319
:10E370009F8164556C8B9B9E947E7A666D7C909099
:10E3800093888A787B848C8C7F6F63777EAEBAB4F7
:10E39000885E3F445E91C0DCC69E633829397EB8F2
:10E3A000E4DCAB713F214372AEBDBDA07C62506521
:10E3B0007F94989681765F778FA6A78C745E4F6660
:10E3C00087ACB0A1917168606F8D9995907D7769E8
:10E3D0007C9AA9A58666524F6998BEC7A7895C4BEF
:10E3E000485B90ACB4B08E775856738999907F761D
:10E3F000717B97ACA380644951658DBED2BE9B5F93
:10E4000039273D86C5EADDA76A3320427BB7CACFEC
:10E41000A985594150728EADADA68667676C84851B
:10E420008D8A887E84858B747370798B969F9D8B83
:10E43000655752627CB0CAD4A572341C3167B5ED01
:10E44000EDC987421F194C8BCCE1DEAC713A2D3FF0
:10E45000779FBABCA3886D666D71768588918D8F24
:10E46000959380766A5E637697B4B59B7D584B4DE5
:10E47000749EB4AEA18069575C7493A0A59C856C12
:10E480005D6E86999F98827968768893918B807D5E
:10E490007A818B95947C7265617295B3C5A7814D25
:10E4A00032355FA3D2D9C791583025437AB3CFDC38
:10E4B000B9864D353B5F86ABBDBAA0866E5F565DB3
:10E4C0007788A3AEAB9F896864515C6F91BAC8B876
:10E4D00091633E355185B8D3BDA26C493A457CA9BC
:10E4E000BAC3A87A52375177A2B6B8A07C5A545F03
:10E4F0007888A3A99E95706B696C7E918D918891A7
:10E5000093928371665A6986A8BAAB9D7E584E4D28
:10E510006791ADBCB7976C4E4C5E8399A6A78F816F
:10E52000736F78727B85828E878E8F89857A6A6514
:10E5300063859CBBB39B754E425A7DB0BCB9A57731
:10E540005C424E779EBAC0AB804F424E7CA1B1BCBC
:10E550009E816153616C83A1A6AF987C685F5A6A03
:10E56000819197A79B9E8B655148547FA7CFCBADD8
:10E57000824D383C5C8EC0D5CA9F6A39334D85B810
:10E58000C9BC946F5156698A95A29A947D726E7631
:10E5900085858C867C768289A1887E655D6A81A26C
:10E5A000B3A9836850586192A9C7A99062413D639D
:10E5B00094CBCEB1874E414175A0BDB5A37B6958C0
:10E5C000637C9A9D9D886C6A708FAAAE8C6A4A485B
:10E5D000649AC3D2B17F4F313B5D97CBDAB88D4B94
:10E5E000312F63A4D0D1AF784B385284ADBFB095F2
:10E5F0006D56536E94AAAD957B6159729CABA888F9
:10E60000654F5879A5C4BA8A613F386090CCE2C0A2
:10E610008D48191D52A7EE00D28134001855B0EC78
:10E62000F6CE8A421B265EA1CCD7B28451475A85CA
:10E63000A4A49580616C7B99AD978C6756566F9AB0
:10E64000C0BFA5744C2F4C7DBBE0C797542B2858F6
:10E6500097D7DAC7854E252B59A5D9DDBF7E442D26
:10E660003F74B6C4C4976D51516C99A6AA91776155
:10E670005B6F93B8B29D6E493B608DCDD7BE884C21
:10E68000292E629DD0DFC48C5727325593C0D2BA51
:10E690008C5C454E6E92A5A3937E6D767A898F8BA6
:10E6A0007F746C798C9DAB957E56466585B2CEBAEB
:10E6B00091562C35639DCFE2CA8A4B18224F9CD8C5
:10E6C000F4D896441D1F5290C6DEC29A6246465840
:10E6D0007DA2A7AB8F846E76807D83716C7A8EADC0
:10E6E000B6A58D50453C6A9FC3D2BE945934305A6A
:10E6F0008FC3D3D28F592F3B669DBCCEA67E4F428F
:10E70000597AA2B5B6916E535368909EB48E765FD7
:10E71000687C93A79C8061506286A4C0B49D6542CA
:10E72000385281BBD0D6A463382F5185B0CEC29C5D
:10E730006D4F5164869EA796857B6F7C83899382FB
:10E7400070646B8AACB7A77A573F4D7AA0BFC4AC50
:10E750008350323C6DA8CFD3AE754A315175AAC7EC
:10E76000C8A47445435583ADBCB297775E5D6078AD
:10E7700090A09E967B81758688796E66738FA6AD14
:10E78000A6866E4E505081A6CBCDA8703C2C4A7AFE
:10E79000A8CEC3AC7C52394D6CA4BEC19E785858EB
:10E7A000668098A0A29076666B7B9B9A967A666646
:10E7B0007F929B9A877D6F67697E94AEA8936A4A21
:10E7C0004F7598B9B09A7C5D4D557397B5BBA781CD
:10E7D0005C4B607898A1A19782756F76878A898053
:10E7E00073717F9CACA38B6A59575F869FBFBEA98C
:10E7F0007B482C4677B3CAC4A1735541526D97B973
:10E80000C1AA825552587C92A3A3957F7170737FE1
:10E81000898B7F817A91909485796E6B6D879AABA5
:10E82000AE92755045578BB6CEBF9661412F54823C
:10E83000B7D3CAAB6E412E4774A8C4C8A482544E45
:10E840005975949A9E90817D7C7E867D83787673BF
:10E850008098A6A49068574D6F92ADB9A287685270
:10E86000516C8DB3BAAB84624B587896B1B29A7B37
:10E870005A516A86A7A9987C666674879796947E93
:10E8800070606C86A1B3A17D57475688AAC6B8951B
:10E890006946345781B4D4CE9F693C32537DABC5B1
:10E8A000C3A77B5550577A93A19F918380837D7F27
:10E8B0007A7B7A7B798F9AA99C7E594D5080A5BF2F
:10E8C000BD9A765041517AA0C8C7A96E4531557F8F
:10E8D000AFCBC69E6B453E5882B2C6B88E69515DBD
:10E8E0006C86A2A89C8A6E696D7C98988A71647403
:10E8F0008A9AA59C8263545A7994ABBDA77E5944E9
:10E90000507897B5BBA3815D4E607791AFAC936FA4
:10E91000636D7C859B9B897E716E7584A0A89276C1
:10E92000635B7193AAA592826B53628094A9B3A191
:10E93000714B4C6D82A3B8B1896C5E555A83B0B6E9
:10E940009F8A7357627B928C959B90716F7D8088B4
:10E950009489706781A19A998F77595D728491B378
:10E96000C29B6A51484F7BB0C7AE977A5A3E5683D6
:10E970009EAFB59E6D4D60757E92ABA082736C6A42
:10E980006C90AC9A79786F7482A19D7D767E71705F
:10E99000859FA6968E714E5083A6ADADA276534F3D
:10E9A000647893BBC1966B5B525C7FAAAD998F83F1
:10E9B0005853708E9E9B957E5C658E9799918A6C5C
:10E9C000586B848DA8B3A473534E5D7BA9C7B38DD8
:10E9D000745F495A86ABAEAF98704C5A778B9BAD3B
:10E9E0009D8167676F7290A89D796E6E75829F9703
:10E9F00081707573778AA2A4917F64505483AEBAF4
:10EA0000B39E6B45406285A7CBC896634842578248
:10EA1000B8C1AF987A4E4964889DA7A58F6E638070
:10EA20007F81898C7E727D9088929887695B6577FB
:10EA300090AFB998705E585575A7BDAF9B7C543D9B
:10EA4000618DA3B1B5996A505B6A7CA6BDA57E6D48
:10EA5000686775959D8881897A6E7D9394878074A7
:10EA6000616790A8A59A8E654A537990A6C0B57D36
:10EA7000595052658CBBBA9D8D784D4C6D949FA6B4
:10EA8000A38C6A66847F7C899183788490848F9438
:10EA9000846360758395B0B28864605B5F82AEBE4C
:10EAA000A48D71473C699BAEB3B4955E45536680B7
:10EAB000B2CBAA7D675E596A91A29393977F666FE6
:10EAC0008885818684727A9BA893857A6252709930
:10EAD000A1ABAE975E42536D81AFC6AF84685C4810
:10EAE0005888B2B1A8946F4959809091A09C7E6AD1
:10EAF000737D778BA5967069748184A4A787686DF0
:10EB0000717487AAAA907F6B595684AAAFA4997A88
:10EB100052496B8093B5BE9964585D627CA3A68F01
:10EB200082887766728C8E828784707697A5907CB7
:10EB300077635B799CA8A3A38C5D475A7C90B1C591
:10EB4000AA785E5A526192BCB8A2896A46538097ED
:10EB500099A29D84646B7572839E9D80707C827B7C
:10EB60008D937F687A8A86899D97786967666F99A1
:10EB7000BCB6927F62484878A0B0C1BE874E3C5375
:10EB80006F8FBAC0A17E7261536696A39D978B6CFE
:10EB90005F7E948B80857D6E7693938F8C8A68568A
:10EBA000678995A7AE986B5862687A9CBDAC8A73EA
:10EBB000634D6593ADA59A8F745B637E8997A7A417
:10EBC0007B62687A7F929E8C7075847F8194977E39
:10EBD0006D696A7192BAAE8F765F484B7BA8B6BDFD
:10EBE000B1814637567696BBC3A27B695C51679369
:10EBF000ADA69C8E6E61748A8D7E8D8F7C81918E88
:10EC0000817F846D647C999F9D997F5651687E9128
:10EC1000ADBD9A6C54504E75AFC9AC9578573F5501
:10EC200083A0B4C4AF72464D63769DB5A989828036
:10EC30006B647F908A848A877D8AA793766C6B64E5
:10EC40006D97AEA79F8F6E464C7796A7B3AC815A4F
:10EC500062656981AAB0947E705A5C83A3A1888999
:10EC60007E68698A928891977962708E93959B8B62
:10EC7000665C76888BA3AE92695D626080B1C0A04D
:10EC800081725B47628DA3AAB7A26A44546D7C97D8
:10EC9000B1A2847E816D637A8C8883918F8284A1F6
:10ECA00086676671757DA4B39C877E634E5990AA72
:10ECB000ACAD9C6E4C5C717B93BDB790695E4C595A
:10ECC00089B6B2978A7C585377838D9DAF906B66D7
:10ECD0007E747C8D947C7C92917E818E7A676D842B
:10ECE0008493AEAC7B6364636381AFB4A29B844FB7
:10ECF0003E618F9DADB3956A63746F7191A6927FEB
:10ED0000807B6B7A9F9978757D726D8DA4948788CE
:10ED1000765A608C9F9A9A9572586B848490AFA9AA
:10ED20007C62615F6B96C0AB857C74585D81979106
:10ED30009DA78B64607F7B7F93987A788E957E8386
:10ED40008978636C888B96B2A979585A61628CB9BC
:10ED5000BDA291774133639AAEB9B6945C51676AAC
:10ED6000759DB7A683796F576E99A58D898B76654A
:10ED70007B918A809087706F90978583846E607C8A
:10ED8000999894A18F634C5F7286B0CDA9725F5B36
:10ED90004E6294B4ABA49B73464D788C99ABA87E1D
:10EDA00067737D75859E937775827F80A0A081674C
:10EDB0006D726E86ABAD8F87785149719EABA5A7FA
:10EDC0008658536E7F82A3B19C726968617AA6AC43
:10EDD000917E7B6E627E99968890866D6989998A0C
:10EDE000868972627B9A9A979D8A624C61768FB40B
:10EDF000CBA76F54524C6498BEB7A8986A3D3D6F3C
:10EE000092A5B5AF836462706D7C9F9E8682837C81
:10EE10007889947C6A7A877F8CA1A08177745E61FF
:10EE200089AFB29E8C6D4A547B999BADAE89584E8A
:10EE30005B678FBFC49A7263545176A1B0A19E8A5A
:10EE400061536D8A8D909B8772778B88848E8E70CC
:10EE50005E6F8390AABA9768545E62779FBFAD9742
:10EE60008563404D84A2ACAD9C7357647B7D90A2BA
:10EE70009F7A6E75767B939F89696F7976839EA65C
:10EE80008979715B5A84ADB8A28D7049517A9AA57F
:10EE9000B4B18D5547556A91C9CEA1725B4D496F8A
:10EEA000A0B6ABA890644B637C8491A196807B8BC9
:10EEB000807481837264799298A7AD8558485C6F9D
:10EEC0008AB1C7AB866B50395497C0BFB3945E3DCF
:10EED00054778FA9BEB37F5D5B5F6F98B6A98278C8
:10EEE0007262698CA0938C856E5E759D9E8E88740F
:10EEF0005B60869E999D9C7A504E69829EC6C28DAB
:10EF00005C50515882B5C2AD997F5343678B9E9F29
:10EF1000A9946F6B807F808B957964748B94A0AD7E
:10EF20008B5C4C627089AAC4A5816B503E569AC115
:10EF3000BCAB8E583B4C7B90A8C0B37E56545C6AE9
:10EF400095BAAF8E7D7A60628497938F8F826D7948
:10EF50009B907D75776A759BAD9A91846B48537DC4
:10EF60009AB3C7B6774641526691C4C9A5876B422A
:10EF7000396498ADB0AF93635669787F98A8907262
:10EF80006F807F899F936F6577828499A892766E50
:10EF90006B5E719EB9A48C7B5C4C6996A4A5A69807
:10EFA000684B5A7383A4BAA2766667626F8FA79A7A
:10EFB0008B8477636D989986827F6E6E8CA2958B19
:10EFC0008677575A809DA8BBAC7B4B49637493C02E
:10EFD000C29F7E674F416D9EB3A7A38C62556E7E24
:10EFE0008392A3926F6F808184918E70657E8D8AEB
:10EFF000929C8D6B696D6D7FA4BEA3796B5250732B
:10F00000A3B7ADA28F5E40527B94B1C5AB74585A82
:10F010005D6D92B6AD968473565C869A908D8F82A4
:10F020006F7D8D837B83856F6884999B9F977249E1
:10F0300057778C9DB7B18B675F585780AFBCA08D59
:10F0400079595378929A9CA38A645E75858DA29FA4
:10F050007C65717F7D849E9A7E72726A7092AF9E8B
:10F060007C71605B719FACA2928862475C8298AEB3
:10F07000BCA5714E5D637692B7AC918172585F8486
:10F080009F968F9686737C8C83788188736F899E18
:10F090009C968E6A47548098A4B8AC7F5D515860A6
:10F0A00087BFC8A282684C4974A1A8A7A4885A4CFB
:10F0B000687F90AAAF916E6C786E7798A18F8385E8
:10F0C000766C839B907773757283A0A48D797A6335
:10F0D000556E98A8ACAC905A435A768AA5BDA77EC7
:10F0E000666155618FAF9E928A79666F888B868C38
:10F0F000947A6A7C97929490795560839499A6A2A9
:10F1000083636366678AB2BD977C6B55557EA2A701
:10F110009F9A8357516C8893A7AA8E6769737175FC
:10F1200096A28E8685796E7F998C71767A7E8AA575
:10F13000A4857272645B75A2B0ABA785533A5C80FC
:10F1400094B2C3AB7859564F6399BCB19688725547
:10F15000617B8D8B989F83667384858490846870AF
:10F160008F978C8F8F7763717E818EADA97E66625B
:10F17000636D98BAAD8E836B515081A5AAB1A67B01
:10F180004E536D7887A8AE937A736860799D9D7FA2
:10F190007E817A79959981707C756877A0A59B931B
:10F1A0008459466A8F9CA7B49C6C585E62729EBF5D
:10F1B000A687796B5D678D9B9294997C636E8F8E29
:10F1C0008C92876A698A98898B8F7B696F82828B20
:10F1D000A6A1795F626A7298BAAC8872694D51844F
:10F1E000AFB4B1A47C4549687D90B0BA9D796A609E
:10F1F0005A709CA88B898C8075808B7A6F848A7DED
:10F2000081999E8A80785F5676A1A6A2A0875D4BE1
:10F21000657786ABBF9E735D625C719DAF9D8F8687
:10F220006C4F638D9D9F9E946A5C768883899A95C6
:10F230007B7882787A8F9C806E74837F95A79A758D
:10F240006C6C63678FB3AB998D6C4750799697ABB5
:10F25000AC8E6A5E67687DA4AA8B7C7F7E70828F8D
:10F26000857585877C7C939E8E7D79675B7CA3AC5E
:10F270009C95875F516C8192A6B69D6A5A606678AC
:10F280009FB59D878067505F8EA39D9F906C586D42
:10F29000867F839B9A857C82796F80908271809132
:10F2A0008D959E89685C6E747CA3BEAC88735E4746
:10F2B000588EACA9ABA07F535667788DB1B38C6BD9
:10F2C000706D6C8299957E8886736A839690858925
:10F2D000776374979D8B8C856D617A8D9195A58DE3
:10F2E000685C727F8AA5B1927570665F70A2B2A4E5
:10F2F00093805F4F6B909191A0977A6A7776768B27
:10F300009B8B6F7789878F9A8D685D6C757C9DBAB2
:10F31000AA856F5C49588CB5AEAAA0795050678019
:10F3200096B7B88A69656C6C80A49F8A8A826D5F83
:10F330007E98928C8B7E67729394818284726A81AC
:10F34000958F90957F5856768C97AEB087615B5EAF
:10F350005C7DB5C8AD8C734B416498A6A7B1A4720F
:10F360005B5F6C7593B39F7C767D7B7B8D907472B5
:10F3700082837B8EA79978716A5C6B97B09E8F8829
:10F38000724F5D7E939EAFA5774E5D737D99AEA75C
:10F39000807572625F87AAA8938B765B678C9A8868
:10F3A0008B917D6A7D8C89879589645F7F8F94A31B
:10F3B000A8845F5E666880B3C1A281694F42689D80
:10F3C000A8A5A79B6E5162727998AFA17B72817AD2
:10F3D0007889907873878D7D8C9D93736F70697534
:10F3E000A0B49F827C694F628EA7A7AD99643E53FB
:10F3F000788DA6BFAC7B625A54578CBAB79F8D6C80
:10F400004D507D938D9CA591726F7E737891937E04
:10F410007490988A908E755A68808695B6B4896281
:10F420005B515B86BBBA9E8F7F5649678996A8B4AD
:10F430009461556E767F99A58573787A6B779D9FD9
:10F44000857F7B6E6A89A89483867D626A909F9689
:10F450009A916A49658E99A4B09E715965646A96BD
:10F46000BDB8907D694C5886A097939F8C676D7B43
:10F470007B788E967C718B9789868A735A68868D85
:10F4800094B1B18159555B648DC3C09A8677534658
:10F490006696A3B0B6975D47677785A2AE977775F6
:10F4A00078606F93A28F878879687D928473828B4E
:10F4B000787D949B82797965587DA7ADA39A86560D
:10F4C0004A617B86ACCBB47E6150495C97BBAD9FF3
:10F4D000977C535779858CA4A58869768A7A7F8F23
:10F4E0008471748C8B829A9B7C616372758DB3A9D5
:10F4F000827374615878A1A6A09D83514C738F9834
:10F50000A5AA8A6767716B79A1AD90837D71657CCF
:10F5100097917A898F7D79909982797B6E617DA5AB
:10F52000B19D937F564B63818CAFC7B077564A4DE0
:10F53000629DC2B2998D755052768A93A5A88B6749
:10F540006C8176798B8E7F80928F7F888F796774BC
:10F55000878897A99C72636E6B6D8AAEAA92876D3D
:10F56000484C7DA6ACAAA37C5352687185B1BB9B65
:10F570007C695F556F97A18B94957D6B77867C7CBA
:10F58000898677869EA1887E7A625E7C9598A3ADF7
:10F590009A69505A657EABBEA48175695762889D91
:10F5A0009A9F9A765A6584878896907A7181857A2F
:10F5B000869883707080848EA39B77677073748C39
:10F5C000AFA991806D4C5284B1B5AC9D79504F6913
:10F5D0007A8FB2C09F766459537097AA93959578A5
:10F5E000676F807C7A8B8C7C89989F7E7470626157
:10F5F000819FA2A1A48A5B4656778DB8C8A4766283
:10F600005C556998B5AEA3926C44567B959EAAA1B1
:10F610007C626D717286A29B7F7D7F76788B917CF8
:10F620007183827C879D977A756D5A6591B5AE9787
:10F630008866485277909DB8BA8F6554565D83B2FC
:10F64000B89D8C806A59708B8F8B938F74738E9258
:10F65000817C7F7467819896999E8C614D617D90C5
:10F66000B1BC9A685E5E5B6B9BB7AC9B8B6042578C
:10F6700085A1A6AEA078596472758CAEA486787DFB
:10F68000756F879282798A8F82839B90756D706681
:10F69000719DC1AF8C765B425182A3ADBCB4824AEE
:10F6A0003D506591C6C9A17C6C544A699AA59EA03B
:10F6B000916960798E84839288747F8F8D848E8E19
:10F6C0006B5E748C95A4AA8A5B586A757FA8BBA1EF
:10F6D000806D5645619FB9B0A38B5D4259798B9E71
:10F6E000BAA97B6063636B8DA79C85898873718AD7
:10F6F00092817983767693AEA182716754608BA8EC
:10F70000AAAEA87B4B3F5E789CC6C597715B5550EF
:10F710006FA3ACA1978563536E8D8B90978F737099
:10F7200083858390947C67748C8E99A189635F71C3
:10F730008086A3B69F7C69584C6BA4C6B89F84583A
:10F740003A507A99AFC3B07C54505C678DB2AC9597
:10F750008A7E665A7A8D89878F8279849A907671AB
:10F76000726C7290A7A19A94744F4B6E8AA5BEB624
:10F770008B5F575C6083AEB9A28977575272999FAD
:10F780009A9C8D695F707E8599A58A6E6C7A7E875A
:10F79000968E77747E857E8BA28F776D676374A457
:10F7A000BBA48B745C475F8AA0ADB6A5774F546449
:10F7B0007396B2AF92827B635A7890968D938773DB
:10F7C0007D8F8A77747C7779919F978A8D7757554B
:10F7D00075919FAFAA7E5A59647286ADB7978470AF
:10F7E0005852739FAAA09F8C6955687C859FB09ED4
:10F7F000796B7671788E9184828D907B7F8D82710A
:10F80000727A7882A7B19575685C55719BABA7A396
:10F81000946748567286A0B8AA84706C636182A30C
:10F820009F908E7C696F8A928180887F7583948B8C
:10F83000858F866B647F94929D987C5E647A7F89C5
:10F84000A4A3876F6B636182A9A9968C7F5F556DB6
:10F85000898F9FAA986C637176798E9888818C8F36
:10F860007D7A89867175838287A1AD8C6C666260B2
:10F8700076A1B1A09B886547597E92A2B7A77B620B
:10F8800063636586ACA8908476616385978D8A9260
:10F890008A727A87837E8B917B6F87928A898B7A33
:10F8A00065709094929F9C7B6167707492B5B18FE4
:10F8B000776C5451749FA6A7A98B5B4E657B829889
:10F8C000A7937D7B7E6E6C8692828188877C8D9DDE
:10F8D000886C6E7774809EA994847E6C53688F9B2D
:10F8E000A1A398715967777B95B0AA80716D666BFB
:10F8F0008DA5968588816C6C828A808E94806E7BC3
:10F900008D877D887F6D738F998C8F92775F6679F5
:10F910008295B3B08B6D665C5B7BA6B1A79F8A5C5A
:10F920004A66808B9AA89C7B747B6A677D938E85E0
:10F930008E8B7C808D826B71828487989F83737598
:10F9400070637599A79B938467556986949DAEA053
:10F95000765D6167769BB3A5897C756063809297BD
:10F960009EA18867697B7D7D8B90847F92907E7954
:10F9700081776A74899096A3997A5E646A718CAB78
:10F98000AE968976595173959D9AA08D706A767856
:10F99000788D9F927E7D7D7781929079768282802C
:10F9A0008E9786787C796F77969F92897E6B5B6F56
:10F9B0008E989CA3946E56626D7E9DB2A480746CEA
:10F9C0005F6380989B9C9F8665667680828F968811
:10F9D0008390907E757E7B6F7B8E98989F957057F5
:10F9E0005F707E97B4AE917A6A545279A1ABA49AB3
:10F9F000825F596E7B829BA99C786E6B697A959C1D
:10FA00008A808880737C8A867E868B7B7C909B86AE
:10FA10007B7A6F697F9EA29694846256668190A7D6
:10FA2000B79C706163646D90A9A2978E76575B7DD9
:10FA30008E909595846F80857B7885897A7A8D9074
:10FA40008B9491785D677D8895ACA584716A5F5FC2
:10FA500082ABAF9D907B5E59778B8F9AAC95756525
:10FA60006B6E7A99A28C7A7F7E72758A837D838E83
:10FA70007E788997867474726E82A4A6918680625D
:10FA800054688B9BADB4996A5360697898B6AD940D
:10FA9000837052577E9D9F9B9A836B6F7F7A778985
:10FAA00094867B858780838C7D646E868F909D97FE
:10FAB0007A686C70728BA9AA8D7C6F5F5E809E9D48
:10FAC000999B8A65596C7E8FA6AC906E6A76737E20
:10FAD00094978B858A7A6E7C918C7F7C7D737B98E2
:10FAE0009E897F7C6C62728F9DA1A39166525F7626
:10FAF000829BB0A7887668585E84A6A49A8C7A66A2
:10FB00006C8289848D9386767F8B83888F846E6CDC
:10FB10008390919B967E696972788BA7A98D78698D
:10FB20005E5D80A0A69C94825D52668098ABB09585
:10FB30006D5F646A7994A497918877656C858B85ED
:10FB40008B8E807F8D9281767C7A717D989F9B953C
:10FB500085675565818DA1AE9F8069605A648EAEC0
:10FB6000AD97826E5A637E9090989A856C6D767C84
:10FB70008999967D737D817F8B94897A7C7F7A8148
:10FB8000969B887C76706E849E9C908D7E655A6F65
:10FB90008C99A8A98D695C69737E9AA3998B8072F0
:10FBA000616A88908B8B8B7C79878C7F767E7C7664
:10FBB0007A91999590876A596B84929DAAA07D6AE3
:10FBC000645E6B8EB3B095806C5962809595999CFC
:10FBD000876A647179859C9F86777B7F747D8C862C
:10FBE000818389837C8B8F7B6F777B7C8FA29E82C6
:10FBF0007A75615F7A9BA8A7A2855850667E8FA50B
:10FC0000B09B8075685E6A8DA297918C776D7789BD
:10FC1000847C898B7C78858D8784877867728A8FCE
:10FC20008F98927B6A6D737891AEA385736A676EC5
:10FC30008BA199918D8066667A8A909D9C846D7463
:10FC40007D7B808E938383858178818F84777A8191
:10FC5000808997988278766D647B97A39D98835F5F
:10FC60005569818D9EA59A806F6B646A8DA39D9066
:10FC7000877B6B748288838D9287777F8683828669
:10FC800082757B8E8F8888877B6E778083909F9824
:10FC90007C6A6B707891A29888827763627A8F9978
:10FCA0009E9A7E6666757C85979B8C7F7C77707D3F
:10FCB0008F8E84848583818C8C7F7A7F7E778195FB
:10FCC000998F887C69657B919496958C766E72731A
:10FCD0007B94A1958077716D798C928B89887C71EA
:10FCE00078858B888F877878838985878B847A7DE0
:10FCF00081838792917E73787D828D948E817F7BC4
:10FD00007273828F918F8D7E6E717D82888F9086C7
:10FD10007D7D7A777D8A8B858385807D81847E7EDB
:10FD2000848680838988817F7F7C7C878E8B868494
:10FD3000827B7D8385858B8C867D7C7D7D81898A98
:10FD40008683827E7A808485858786807E7F7F7C9D
:10FD50008186888685837D7A7E8080848B8C87816E
:10FD60007C7779838B8C8A89837C7A7D81868D8F61
:10FD700087807D7D7D818788878785807C7E83865F
:10FD80008785827E808586848282807E8183848846
:10FD90008B887E797A7F848A8C88817F7E7B7B8248
:10FDA0008A8C8A857E797C838788898A85807E7D16
:10FDB00080858B89827E7F82838585838183838012
:10FDC00080858986827D7A7A82898A8683807C7919
:10FDD0007B7F84898D887F7A7C7E82878A898685ED
:10FDE000817B7C8388888785817F828583828586E5
:10FDF00083818282828587837E7F84858586837FD7
:10FE00007E80817F81878883807D7B7C82868685DA
:10FE100085847E7C7F81848889847F8183828285BA
:10FE20008786868784808286848183858485878689
:10FE3000807F8181808386868586837D7C808282A7
:10FE40008487848180807E7D838683818282808294
:10FE5000858381838684828485848385837F82876A
:10FE6000868384848181848584858885817F82815D
:10FE7000838688858383817E7E8384838384818057
:10FE800082848181838481828484828383817F814F
:10FE9000828284868581808182828588878684812A
:10FEA0007F808587868685837F7F81818385868223
:10FEB0007F80818183858481818281818384828125
:10FEC000817F7E8185848281808081838484858511
:10FED00083808083858687868381818182858888E7
:10FEE00085838280818386858483FFFFFFFFFFFFF8
:00000001FF
